period,market_id,temperature_c,temperature_min_c,temperature_max_c,observation_days
2021-01-01,toronto,-2.0451612903225804,-4.487096774193549,0.22903225806451608,31
2021-02-01,toronto,-4.653571428571429,-7.910714285714286,-1.4142857142857144,28
2021-03-01,toronto,2.6806451612903226,-1.7129032258064516,7.283870967741936,31
2021-04-01,toronto,6.8133333333333335,3.48,10.273333333333333,30
2021-05-01,toronto,12.577419354838709,8.264516129032257,16.432258064516127,31
2021-06-01,toronto,20.133333333333333,16.683333333333334,23.813333333333333,30
2021-07-01,toronto,20.94516129032258,17.87741935483871,24.048387096774192,31
2021-08-01,toronto,23.383870967741935,20.029032258064515,26.716129032258067,31
2021-09-01,toronto,18.736666666666668,15.49,22.003333333333334,30
2021-10-01,toronto,14.325806451612904,12.345161290322581,16.812903225806455,31
2021-11-01,toronto,5.010000000000001,2.283333333333333,8.203333333333333,30
2021-12-01,toronto,2.1838709677419357,-0.6516129032258066,4.67741935483871,31
2022-01-01,toronto,-6.854838709677419,-11.274193548387096,-2.803225806451613,31
2022-02-01,toronto,-3.917857142857143,-8.171428571428573,0.11785714285714279,28
2022-03-01,toronto,1.2096774193548387,-2.0483870967741935,4.951612903225806,31
2022-04-01,toronto,5.966666666666667,2.6366666666666663,9.54,30
2022-05-01,toronto,13.332258064516129,9.69032258064516,17.009677419354837,31
2022-06-01,toronto,18.39333333333333,14.156666666666666,22.326666666666664,30
2022-07-01,toronto,21.76451612903226,17.932258064516127,25.40967741935484,31
2022-08-01,toronto,22.161290322580644,18.70967741935484,25.612903225806452,31
2022-09-01,toronto,18.166666666666668,15.296666666666665,21.533333333333335,30
2022-10-01,toronto,10.948387096774193,7.780645161290322,14.387096774193548,31
2022-11-01,toronto,5.846666666666667,3.1766666666666667,8.620000000000001,30
2022-12-01,toronto,0.46451612903225814,-1.8193548387096774,2.5870967741935487,31
2023-01-01,toronto,-0.41290322580645156,-2.7548387096774194,1.7580645161290323,31
2023-02-01,toronto,-1.2857142857142858,-5.214285714285714,3.189285714285714,28
2023-03-01,toronto,0.5709677419354838,-2.454838709677419,3.893548387096774,31
2023-04-01,toronto,7.73,4.0633333333333335,11.666666666666666,30
2023-05-01,toronto,12.651612903225805,8.412903225806453,16.603225806451615,31
2023-06-01,toronto,18.66,15.479999999999999,21.90666666666667,30
2023-07-01,toronto,22.01290322580645,18.34193548387097,25.429032258064513,31
2023-08-01,toronto,20.19677419354839,17.051612903225806,23.312903225806455,31
2023-09-01,toronto,18.720000000000002,15.613333333333333,22.043333333333333,30
2023-10-01,toronto,13.019354838709678,10.558064516129033,15.8,31
2023-11-01,toronto,4.683333333333334,1.9833333333333334,7.456666666666666,30
2023-12-01,toronto,3.0580645161290323,1.4451612903225808,4.893548387096774,31
2024-01-01,toronto,-1.667741935483871,-3.761290322580645,0.7096774193548387,31
2024-02-01,toronto,0.46551724137931033,-2.8310344827586205,4.017241379310345,29
2024-03-01,toronto,3.4612903225806453,0.4645161290322581,6.761290322580645,31
2024-04-01,toronto,7.446666666666667,4.226666666666667,10.78,30
2024-05-01,toronto,14.535483870967743,11.135483870967741,17.91290322580645,31
2024-06-01,toronto,19.046666666666667,15.766666666666667,22.316666666666666,30
2024-07-01,toronto,22.24516129032258,18.63225806451613,25.596774193548388,31
2024-08-01,toronto,21.338709677419356,18.258064516129032,24.574193548387097,31
2024-09-01,toronto,19.040000000000003,16.01,22.123333333333335,30
2024-10-01,toronto,12.838709677419354,9.535483870967743,16.49032258064516,31
2024-11-01,toronto,7.4399999999999995,5.22,9.643333333333334,30
2024-12-01,toronto,0.16451612903225812,-2.235483870967742,2.7129032258064516,31
2025-01-01,toronto,-4.587096774193548,-7.377419354838709,-1.7419354838709677,31
2025-02-01,toronto,-4.446428571428571,-7.75,-0.9642857142857143,28
2025-03-01,toronto,2.1096774193548384,-2.009677419354839,6.300000000000001,31
2025-04-01,toronto,6.373333333333334,2.36,10.55,30
2025-05-01,toronto,11.535483870967743,8.470967741935485,14.919354838709678,31
2025-06-01,toronto,19.043333333333333,15.536666666666667,22.706666666666667,30
2025-07-01,toronto,23.64516129032258,19.625806451612902,27.293548387096774,31
2025-08-01,toronto,21.593548387096774,18.138709677419353,24.906451612903226,31
2025-09-01,toronto,18.353333333333335,14.96,21.913333333333334,30
2025-10-01,toronto,12.764516129032257,9.861290322580645,15.751612903225807,31
2025-11-01,toronto,4.326666666666667,1.88,7.216666666666667,30
2025-12-01,toronto,-2.5483870967741935,-6.335483870967742,0.8064516129032258,31
2021-01-01,london,3.5032258064516126,0.7322580645161291,6.135483870967741,31
2021-02-01,london,5.25,2.3214285714285716,7.878571428571428,28
2021-03-01,london,6.922580645161291,3.167741935483871,10.661290322580646,31
2021-04-01,london,6.583333333333333,1.7266666666666666,11.136666666666667,30
2021-05-01,london,10.883870967741935,6.793548387096774,14.783870967741937,31
2021-06-01,london,16.886666666666667,12.636666666666667,20.886666666666667,30
2021-07-01,london,18.05806451612903,14.035483870967743,21.961290322580645,31
2021-08-01,london,16.503225806451614,13.254838709677419,19.896774193548385,31
2021-09-01,london,16.533333333333335,12.870000000000001,20.326666666666664,30
2021-10-01,london,12.538709677419355,9.396774193548387,15.5,31
2021-11-01,london,7.59,4.866666666666666,10.283333333333333,30
2021-12-01,london,7.083870967741936,4.674193548387097,9.12258064516129,31
2022-01-01,london,4.593548387096774,1.6935483870967742,7.764516129032257,31
2022-02-01,london,7.364285714285714,4.046428571428572,10.321428571428571,28
2022-03-01,london,7.980645161290322,4.15483870967742,12.019354838709678,31
2022-04-01,london,9.5,5.206666666666666,13.736666666666668,30
2022-05-01,london,13.793548387096775,9.461290322580645,17.87741935483871,31
2022-06-01,london,16.106666666666666,11.213333333333333,20.363333333333333,30
2022-07-01,london,20.080645161290324,14.906451612903227,24.68064516129032,31
2022-08-01,london,20.174193548387095,15.648387096774194,24.616129032258065,31
2022-09-01,london,15.106666666666666,11.726666666666667,18.470000000000002,30
2022-10-01,london,13.73225806451613,10.345161290322581,17.125806451612902,31
2022-11-01,london,9.896666666666667,7.346666666666667,12.373333333333333,30
2022-12-01,london,4.464516129032258,2.035483870967742,7.093548387096774,31
2023-01-01,london,5.083870967741936,2.138709677419355,7.896774193548388,31
2023-02-01,london,5.928571428571429,2.9428571428571426,9.307142857142859,28
2023-03-01,london,7.293548387096774,4.361290322580645,10.029032258064515,31
2023-04-01,london,8.76,4.973333333333333,12.663333333333332,30
2023-05-01,london,12.535483870967743,8.393548387096773,16.53548387096774,31
2023-06-01,london,17.883333333333333,12.813333333333333,22.61,30
2023-07-01,london,17.45483870967742,13.819354838709677,20.758064516129032,31
2023-08-01,london,17.183870967741935,13.312903225806451,20.893548387096775,31
2023-09-01,london,18.136666666666667,14.113333333333333,22.44,30
2023-10-01,london,13.26774193548387,10.280645161290321,16.596774193548388,31
2023-11-01,london,7.823333333333333,5.176666666666666,10.5,30
2023-12-01,london,7.641935483870968,5.27741935483871,9.616129032258065,31
2024-01-01,london,4.764516129032257,2.1548387096774193,7.387096774193548,31
2024-02-01,london,8.189655172413794,5.5344827586206895,10.906896551724138,29
2024-03-01,london,8.44516129032258,5.583870967741936,11.587096774193547,31
2024-04-01,london,9.956666666666667,6.706666666666666,13.223333333333333,30
2024-05-01,london,13.861290322580645,9.761290322580646,17.76774193548387,31
2024-06-01,london,15.416666666666666,10.463333333333333,19.4,30
2024-07-01,london,17.5,13.345161290322581,21.387096774193548,31
2024-08-01,london,18.651612903225804,14.403225806451612,22.72258064516129,31
2024-09-01,london,15.086666666666668,11.963333333333333,18.57,30
2024-10-01,london,12.212903225806452,9.154838709677419,15.170967741935485,31
2024-11-01,london,8.036666666666667,5.733333333333333,10.543333333333333,30
2024-12-01,london,7.403225806451613,5.47741935483871,9.251612903225807,31
2025-01-01,london,3.7129032258064516,1.1483870967741936,6.148387096774194,31
2025-02-01,london,4.846428571428571,1.9964285714285714,7.625,28
2025-03-01,london,7.193548387096774,2.793548387096774,11.935483870967742,31
2025-04-01,london,10.816666666666666,5.943333333333333,15.723333333333333,30
2025-05-01,london,14.193548387096774,9.448387096774193,18.816129032258065,31
2025-06-01,london,18.483333333333334,13.636666666666667,23.033333333333335,30
2025-07-01,london,19.570967741935487,15.080645161290322,23.55806451612903,31
2025-08-01,london,18.529032258064515,14.303225806451612,22.74516129032258,31
2025-09-01,london,14.896666666666667,11.463333333333333,18.563333333333333,30
2025-10-01,london,12.245161290322581,9.561290322580644,15.009677419354839,31
2025-11-01,london,9.056666666666667,6.21,11.313333333333333,30
2025-12-01,london,7.258064516129032,4.851612903225806,9.361290322580645,31
2021-01-01,rome,7.387096774193548,4.33225806451613,10.635483870967741,31
2021-02-01,rome,9.87857142857143,5.589285714285714,14.360714285714286,28
2021-03-01,rome,10.096774193548388,5.45483870967742,14.858064516129033,31
2021-04-01,rome,12.343333333333334,7.84,16.673333333333332,30
2021-05-01,rome,17.016129032258064,12.774193548387096,21.345161290322583,31
2021-06-01,rome,23.333333333333332,17.543333333333333,28.596666666666668,30
2021-07-01,rome,26.10967741935484,20.97741935483871,31.148387096774194,31
2021-08-01,rome,26.112903225806452,21.551612903225806,30.758064516129032,31
2021-09-01,rome,22.92,18.44,27.573333333333334,30
2021-10-01,rome,16.54516129032258,13.061290322580644,20.664516129032258,31
2021-11-01,rome,13.636666666666667,10.843333333333334,17.066666666666666,30
2021-12-01,rome,8.796774193548387,5.364516129032259,12.670967741935485,31
2022-01-01,rome,7.080645161290323,3.1967741935483875,11.661290322580646,31
2022-02-01,rome,9.139285714285714,4.867857142857143,13.75357142857143,28
2022-03-01,rome,9.54516129032258,4.683870967741935,14.687096774193549,31
2022-04-01,rome,13.163333333333332,8.326666666666666,17.85,30
2022-05-01,rome,20.31935483870968,14.480645161290322,25.706451612903226,31
2022-06-01,rome,25.913333333333334,20.006666666666668,31.636666666666667,30
2022-07-01,rome,27.809677419354838,22.019354838709678,33.34193548387096,31
2022-08-01,rome,26.58709677419355,21.616129032258065,31.55483870967742,31
2022-09-01,rome,21.916666666666668,17.98,26.066666666666666,30
2022-10-01,rome,18.693548387096776,14.345161290322581,23.393548387096775,31
2022-11-01,rome,13.3,10.046666666666665,17.186666666666667,30
2022-12-01,rome,11.53225806451613,8.719354838709679,14.861290322580645,31
2023-01-01,rome,8.483870967741936,5.090322580645162,12.419354838709678,31
2023-02-01,rome,8.035714285714286,3.6535714285714285,12.889285714285714,28
2023-03-01,rome,11.567741935483872,7.596774193548387,15.635483870967741,31
2023-04-01,rome,12.816666666666666,8.21,17.14,30
2023-05-01,rome,17.570967741935487,13.306451612903226,21.725806451612904,31
2023-06-01,rome,22.346666666666668,17.383333333333333,26.790000000000003,30
2023-07-01,rome,27.112903225806452,21.883870967741935,32.00967741935484,31
2023-08-01,rome,25.612903225806452,20.73225806451613,30.467741935483872,31
2023-09-01,rome,23.21333333333333,18.58,28.256666666666668,30
2023-10-01,rome,20.5,16.541935483870965,24.580645161290324,31
2023-11-01,rome,13.953333333333335,10.85,17.23,30
2023-12-01,rome,10.296774193548387,7.058064516129033,13.903225806451612,31
2024-01-01,rome,9.687096774193549,6.219354838709678,13.451612903225806,31
2024-02-01,rome,10.782758620689656,6.706896551724138,15.096551724137932,29
2024-03-01,rome,12.548387096774194,9.12258064516129,16.161290322580644,31
2024-04-01,rome,14.979999999999999,10.15,19.566666666666666,30
2024-05-01,rome,18.029032258064515,13.548387096774194,22.190322580645162,31
2024-06-01,rome,22.736666666666668,17.526666666666664,27.45,30
2024-07-01,rome,27.858064516129033,22.135483870967743,33.10322580645161,31
2024-08-01,rome,28.193548387096776,23.200000000000003,33.25806451612903,31
2024-09-01,rome,21.473333333333336,17.740000000000002,25.40666666666667,30
2024-10-01,rome,18.296774193548387,14.996774193548386,21.990322580645163,31
2024-11-01,rome,13.176666666666668,9.59,17.293333333333333,30
2024-12-01,rome,8.470967741935485,5.029032258064516,12.848387096774195,31
2025-01-01,rome,9.73225806451613,6.532258064516129,13.261290322580646,31
2025-02-01,rome,9.892857142857142,6.175,13.950000000000001,28
2025-03-01,rome,11.980645161290322,8.361290322580645,15.97741935483871,31
2025-04-01,rome,14.520000000000001,9.97,18.85666666666667,30
2025-05-01,rome,17.690322580645162,12.761290322580646,21.887096774193548,31
2025-06-01,rome,25.59,19.413333333333334,30.926666666666666,30
2025-07-01,rome,26.416129032258063,21.312903225806455,31.116129032258065,31
2025-08-01,rome,25.96451612903226,21.05806451612903,30.751612903225805,31
2025-09-01,rome,21.916666666666668,17.92,25.91,30
2025-10-01,rome,16.729032258064517,12.896774193548387,20.780645161290323,31
2025-11-01,rome,12.45,8.9,16.393333333333334,30
2025-12-01,rome,9.661290322580646,6.245161290322581,14.19032258064516,31
2021-01-01,tokyo,3.8161290322580643,-0.1483870967741935,8.361290322580645,31
2021-02-01,tokyo,6.214285714285714,1.2285714285714284,11.6,28
2021-03-01,tokyo,10.883870967741935,6.461290322580645,15.44516129032258,31
2021-04-01,tokyo,13.256666666666666,8.853333333333333,17.583333333333332,30
2021-05-01,tokyo,18.612903225806452,15.048387096774194,22.05483870967742,31
2021-06-01,tokyo,21.64,18.636666666666667,24.996666666666666,30
2021-07-01,tokyo,24.822580645161292,22.238709677419354,27.96451612903226,31
2021-08-01,tokyo,26.25483870967742,23.858064516129033,29.358064516129033,31
2021-09-01,tokyo,21.509999999999998,18.743333333333332,24.563333333333333,30
2021-10-01,tokyo,17.148387096774194,14.13225806451613,20.60967741935484,31
2021-11-01,tokyo,11.876666666666667,8.0,16.28666666666667,30
2021-12-01,tokyo,6.270967741935484,2.174193548387097,10.874193548387098,31
2022-01-01,tokyo,2.767741935483871,-0.9774193548387097,7.390322580645161,31
2022-02-01,tokyo,3.207142857142857,-1.3607142857142858,8.278571428571428,28
2022-03-01,tokyo,9.36774193548387,5.032258064516129,14.251612903225807,31
2022-04-01,tokyo,13.953333333333331,10.126666666666667,17.983333333333334,30
2022-05-01,tokyo,17.661290322580644,14.019354838709678,21.38064516129032,31
2022-06-01,tokyo,21.80666666666667,18.53666666666667,25.396666666666665,30
2022-07-01,tokyo,26.154838709677417,23.46451612903226,29.403225806451612,31
2022-08-01,tokyo,26.438709677419357,23.96451612903226,29.46451612903226,31
2022-09-01,tokyo,23.663333333333334,20.973333333333336,26.813333333333333,30
2022-10-01,tokyo,16.519354838709678,13.261290322580646,20.12258064516129,31
2022-11-01,tokyo,13.053333333333335,9.453333333333335,16.853333333333335,30
2022-12-01,tokyo,5.919354838709677,2.2870967741935484,10.19032258064516,31
2023-01-01,tokyo,3.9419354838709677,0.025806451612903233,8.296774193548387,31
2023-02-01,tokyo,5.396428571428571,1.2642857142857142,9.992857142857144,28
2023-03-01,tokyo,11.225806451612904,6.919354838709677,15.619354838709677,31
2023-04-01,tokyo,14.683333333333334,10.57,18.663333333333334,30
2023-05-01,tokyo,17.664516129032258,13.73225806451613,21.664516129032258,31
2023-06-01,tokyo,21.93,18.77,25.44333333333333,30
2023-07-01,tokyo,27.206451612903226,23.94516129032258,31.251612903225805,31
2023-08-01,tokyo,28.24516129032258,25.616129032258065,31.70967741935484,31
2023-09-01,tokyo,25.756666666666668,23.226666666666667,28.886666666666667,30
2023-10-01,tokyo,17.538709677419355,13.770967741935483,21.490322580645163,31
2023-11-01,tokyo,13.003333333333334,9.116666666666667,17.52,30
2023-12-01,tokyo,7.716129032258064,3.7580645161290325,12.506451612903225,31
2024-01-01,tokyo,5.161290322580645,0.7774193548387097,10.016129032258064,31
2024-02-01,tokyo,6.217241379310345,2.3517241379310345,10.475862068965517,29
2024-03-01,tokyo,7.932258064516129,3.4612903225806453,12.574193548387097,31
2024-04-01,tokyo,15.303333333333335,11.616666666666667,19.45,30
2024-05-01,tokyo,18.541935483870965,14.67741935483871,22.325806451612905,31
2024-06-01,tokyo,22.083333333333332,18.91,25.563333333333333,30
2024-07-01,tokyo,27.541935483870965,24.638709677419353,30.91290322580645,31
2024-08-01,tokyo,28.29032258064516,25.761290322580646,31.596774193548388,31
2024-09-01,tokyo,25.696666666666665,23.276666666666664,28.623333333333335,30
2024-10-01,tokyo,19.664516129032258,16.80322580645161,22.796774193548387,31
2024-11-01,tokyo,12.493333333333334,9.24,16.06,30
2024-12-01,tokyo,5.958064516129032,1.6,10.996774193548386,31
2025-01-01,tokyo,4.558064516129033,0.30322580645161284,9.609677419354838,31
2025-02-01,tokyo,4.378571428571429,-0.24285714285714288,9.485714285714286,28
2025-03-01,tokyo,9.083870967741936,4.583870967741936,13.870967741935484,31
2025-04-01,tokyo,14.043333333333333,9.903333333333334,18.276666666666664,30
2025-05-01,tokyo,18.019354838709678,14.838709677419354,21.40967741935484,31
2025-06-01,tokyo,23.486666666666668,20.42,26.84333333333333,30
2025-07-01,tokyo,27.567741935483873,24.53548387096774,31.23225806451613,31
2025-08-01,tokyo,29.216129032258067,26.029032258064515,33.3258064516129,31
2025-09-01,tokyo,25.446666666666665,22.783333333333335,28.683333333333334,30
2025-10-01,tokyo,17.83225806451613,15.306451612903226,20.729032258064517,31
2025-11-01,tokyo,11.293333333333333,7.5,15.486666666666668,30
2025-12-01,tokyo,6.790322580645161,2.703225806451613,11.33548387096774,31
2021-01-01,delhi,13.812903225806451,8.587096774193547,20.080645161290324,31
2021-02-01,delhi,18.564285714285713,11.50357142857143,26.275000000000002,28
2021-03-01,delhi,24.451612903225808,17.080645161290324,32.15806451612903,31
2021-04-01,delhi,28.756666666666668,20.15,36.81666666666667,30
2021-05-01,delhi,29.848387096774193,23.870967741935484,36.07741935483871,31
2021-06-01,delhi,32.31333333333333,27.243333333333332,37.53333333333333,30
2021-07-01,delhi,31.206451612903226,28.11935483870968,34.935483870967744,31
2021-08-01,delhi,29.293548387096774,26.27741935483871,33.0,31
2021-09-01,delhi,27.493333333333332,24.81,31.026666666666664,30
2021-10-01,delhi,24.76774193548387,19.864516129032257,30.39032258064516,31
2021-11-01,delhi,19.266666666666666,13.096666666666666,26.136666666666667,30
2021-12-01,delhi,14.780645161290321,9.516129032258064,20.929032258064513,31
2022-01-01,delhi,12.829032258064515,8.435483870967742,17.638709677419353,31
2022-02-01,delhi,15.732142857142858,9.846428571428572,22.135714285714283,28
2022-03-01,delhi,24.403225806451612,16.738709677419354,32.10322580645161,31
2022-04-01,delhi,31.063333333333333,22.046666666666667,39.59,30
2022-05-01,delhi,32.61290322580645,25.970967741935485,39.37096774193548,31
2022-06-01,delhi,33.74666666666666,28.283333333333335,39.37,30
2022-07-01,delhi,29.53548387096774,26.796774193548387,33.10645161290322,31
2022-08-01,delhi,28.77741935483871,26.106451612903225,31.970967741935485,31
2022-09-01,delhi,28.39,24.986666666666668,32.28,30
2022-10-01,delhi,23.822580645161292,18.92258064516129,29.203225806451613,31
2022-11-01,delhi,20.17,14.336666666666668,26.80666666666667,30
2022-12-01,delhi,15.206451612903225,9.258064516129032,22.396774193548385,31
2023-01-01,delhi,12.73225806451613,7.490322580645161,18.861290322580647,31
2023-02-01,delhi,18.839285714285715,11.867857142857144,26.50714285714286,28
2023-03-01,delhi,22.32903225806452,16.219354838709677,28.9,31
2023-04-01,delhi,26.846666666666668,19.423333333333336,34.11,30
2023-05-01,delhi,29.448387096774194,22.851612903225806,36.148387096774194,31
2023-06-01,delhi,31.44333333333333,26.58,36.45333333333333,30
2023-07-01,delhi,29.116129032258065,26.425806451612903,32.55161290322581,31
2023-08-01,delhi,29.851612903225806,26.729032258064517,33.40967741935484,31
2023-09-01,delhi,28.886666666666667,24.990000000000002,33.29666666666667,30
2023-10-01,delhi,25.741935483870968,19.203225806451613,32.60645161290323,31
2023-11-01,delhi,21.136666666666667,15.363333333333333,27.4,30
2023-12-01,delhi,15.938709677419356,10.01290322580645,22.88064516129032,31
2024-01-01,delhi,12.070967741935483,6.509677419354839,18.596774193548388,31
2024-02-01,delhi,16.279310344827586,10.12758620689655,23.04137931034483,29
2024-03-01,delhi,21.648387096774194,14.59032258064516,28.874193548387098,31
2024-04-01,delhi,28.84333333333333,21.12,36.31333333333334,30
2024-05-01,delhi,33.9483870967742,26.070967741935487,41.351612903225806,31
2024-06-01,delhi,34.81333333333334,29.30666666666667,40.406666666666666,30
2024-07-01,delhi,30.248387096774195,27.483870967741936,33.46774193548387,31
2024-08-01,delhi,28.280645161290323,26.04516129032258,31.493548387096773,31
2024-09-01,delhi,27.513333333333332,24.686666666666667,31.02,30
2024-10-01,delhi,26.4,20.883870967741935,32.45483870967742,31
2024-11-01,delhi,21.653333333333332,15.913333333333332,27.83,30
2024-12-01,delhi,14.883870967741935,9.387096774193548,21.283870967741933,31
2025-01-01,delhi,13.709677419354838,8.332258064516129,20.25483870967742,31
2025-02-01,delhi,17.939285714285713,12.00357142857143,24.717857142857145,28
2025-03-01,delhi,22.76451612903226,15.40967741935484,30.293548387096774,31
2025-04-01,delhi,30.073333333333334,22.153333333333332,37.623333333333335,30
2025-05-01,delhi,31.796774193548387,26.116129032258065,37.82258064516129,31
2025-06-01,delhi,31.526666666666664,27.253333333333334,36.05333333333333,30
2025-07-01,delhi,28.774193548387096,26.258064516129032,32.14193548387097,31
2025-08-01,delhi,28.154838709677417,25.906451612903226,31.161290322580644,31
2025-09-01,delhi,28.086666666666666,24.676666666666666,32.18,30
2025-10-01,delhi,24.345161290322583,19.60967741935484,29.37741935483871,31
2025-11-01,delhi,18.913333333333334,12.446666666666665,26.12,30
2025-12-01,delhi,15.32258064516129,9.390322580645162,22.506451612903227,31
2021-01-01,singapore,25.23225806451613,23.94193548387097,27.39032258064516,31
2021-02-01,singapore,26.264285714285712,24.178571428571427,29.42142857142857,28
2021-03-01,singapore,26.429032258064513,24.57741935483871,29.25483870967742,31
2021-04-01,singapore,26.663333333333334,24.946666666666665,29.066666666666666,30
2021-05-01,singapore,26.906451612903226,25.43548387096774,28.793548387096774,31
2021-06-01,singapore,26.9,25.376666666666665,28.78666666666667,30
2021-07-01,singapore,27.05483870967742,25.661290322580644,28.741935483870968,31
2021-08-01,singapore,26.416129032258063,25.04516129032258,28.148387096774194,31
2021-09-01,singapore,26.653333333333332,25.12,28.43,30
2021-10-01,singapore,26.990322580645163,25.4741935483871,28.97741935483871,31
2021-11-01,singapore,26.476666666666667,24.90666666666667,28.75,30
2021-12-01,singapore,26.15806451612903,24.761290322580646,28.37741935483871,31
2022-01-01,singapore,26.138709677419353,24.296774193548387,28.896774193548385,31
2022-02-01,singapore,26.160714285714285,24.49285714285714,28.74285714285714,28
2022-03-01,singapore,26.845161290322583,25.09032258064516,29.648387096774194,31
2022-04-01,singapore,26.9,25.08,29.303333333333335,30
2022-05-01,singapore,27.62258064516129,25.80322580645161,29.73548387096774,31
2022-06-01,singapore,26.573333333333334,24.993333333333332,28.34,30
2022-07-01,singapore,27.293548387096774,25.806451612903224,29.016129032258064,31
2022-08-01,singapore,26.654838709677417,25.212903225806453,28.416129032258063,31
2022-09-01,singapore,26.64333333333333,25.03666666666667,28.503333333333334,30
2022-10-01,singapore,26.32903225806452,24.719354838709677,28.529032258064515,31
2022-11-01,singapore,26.27333333333333,24.673333333333336,28.5,30
2022-12-01,singapore,25.738709677419354,24.325806451612905,28.029032258064515,31
2023-01-01,singapore,25.403225806451612,24.0,27.651612903225807,31
2023-02-01,singapore,25.785714285714285,24.267857142857142,28.464285714285715,28
2023-03-01,singapore,25.84193548387097,24.306451612903224,28.335483870967742,31
2023-04-01,singapore,26.96333333333333,25.226666666666667,29.383333333333333,30
2023-05-01,singapore,27.780645161290323,26.151612903225804,29.799999999999997,31
2023-06-01,singapore,27.446666666666665,25.983333333333334,29.18,30
2023-07-01,singapore,27.070967741935487,25.664516129032258,28.864516129032257,31
2023-08-01,singapore,27.06451612903226,25.506451612903227,28.74516129032258,31
2023-09-01,singapore,27.273333333333333,25.823333333333334,29.133333333333333,30
2023-10-01,singapore,27.34193548387097,25.306451612903224,29.741935483870968,31
2023-11-01,singapore,26.65666666666667,25.029999999999998,29.009999999999998,30
2023-12-01,singapore,26.193548387096776,24.838709677419356,28.516129032258064,31
2024-01-01,singapore,25.893548387096775,24.67096774193548,28.151612903225807,31
2024-02-01,singapore,26.882758620689657,25.29310344827586,29.382758620689657,29
2024-03-01,singapore,27.42258064516129,25.73548387096774,29.91290322580645,31
2024-04-01,singapore,27.55666666666667,25.84,29.923333333333336,30
2024-05-01,singapore,27.64516129032258,26.187096774193545,29.41290322580645,31
2024-06-01,singapore,27.240000000000002,25.65,29.086666666666666,30
2024-07-01,singapore,27.706451612903226,26.37741935483871,29.2,31
2024-08-01,singapore,26.97741935483871,25.54516129032258,28.69677419354839,31
2024-09-01,singapore,27.18,25.56,29.09,30
2024-10-01,singapore,27.174193548387095,25.458064516129035,29.141935483870967,31
2024-11-01,singapore,26.283333333333335,24.83,28.38,30
2024-12-01,singapore,26.393548387096775,25.067741935483873,28.693548387096776,31
2025-01-01,singapore,25.532258064516128,24.364516129032257,27.403225806451612,31
2025-02-01,singapore,25.985714285714288,24.353571428571428,28.589285714285715,28
2025-03-01,singapore,26.41290322580645,24.938709677419357,28.63225806451613,31
2025-04-01,singapore,26.696666666666665,25.016666666666666,29.153333333333332,30
2025-05-01,singapore,27.529032258064515,25.738709677419354,29.70967741935484,31
2025-06-01,singapore,27.66,26.1,29.453333333333333,30
2025-07-01,singapore,27.651612903225807,26.25483870967742,29.225806451612904,31
2025-08-01,singapore,27.03548387096774,25.44516129032258,28.796774193548387,31
2025-09-01,singapore,26.936666666666667,25.44,28.683333333333334,30
2025-10-01,singapore,27.141935483870967,25.33225806451613,29.29032258064516,31
2025-11-01,singapore,26.796666666666667,25.196666666666665,29.133333333333333,30
2025-12-01,singapore,25.95483870967742,24.483870967741936,28.299999999999997,31
2021-01-01,sao_paulo,23.23225806451613,20.27741935483871,27.26451612903226,31
2021-02-01,sao_paulo,21.821428571428573,18.603571428571428,25.760714285714283,28
2021-03-01,sao_paulo,22.54516129032258,19.34193548387097,26.848387096774193,31
2021-04-01,sao_paulo,18.756666666666668,15.706666666666667,23.02,30
2021-05-01,sao_paulo,17.76451612903226,13.970967741935485,22.654838709677417,31
2021-06-01,sao_paulo,16.36,13.15,20.866666666666667,30
2021-07-01,sao_paulo,14.69032258064516,10.025806451612903,20.574193548387097,31
2021-08-01,sao_paulo,17.780645161290323,13.516129032258064,23.29032258064516,31
2021-09-01,sao_paulo,20.05,15.623333333333333,26.126666666666665,30
2021-10-01,sao_paulo,18.509677419354837,15.54516129032258,22.490322580645163,31
2021-11-01,sao_paulo,19.62,15.85,24.403333333333332,30
2021-12-01,sao_paulo,20.67096774193548,17.33225806451613,24.896774193548385,31
2022-01-01,sao_paulo,22.241935483870968,19.42258064516129,25.89032258064516,31
2022-02-01,sao_paulo,21.896428571428572,18.650000000000002,26.075,28
2022-03-01,sao_paulo,22.700000000000003,19.67096774193548,26.851612903225806,31
2022-04-01,sao_paulo,19.93,16.706666666666667,24.233333333333334,30
2022-05-01,sao_paulo,16.812903225806455,13.029032258064515,21.503225806451614,31
2022-06-01,sao_paulo,15.986666666666668,12.51,20.75,30
2022-07-01,sao_paulo,17.983870967741936,13.419354838709678,23.925806451612903,31
2022-08-01,sao_paulo,16.425806451612903,12.496774193548388,21.967741935483872,31
2022-09-01,sao_paulo,16.303333333333335,12.456666666666667,21.28666666666667,30
2022-10-01,sao_paulo,20.174193548387095,16.39032258064516,25.106451612903225,31
2022-11-01,sao_paulo,18.436666666666667,14.923333333333334,22.86,30
2022-12-01,sao_paulo,20.780645161290323,17.70967741935484,24.654838709677417,31
2023-01-01,sao_paulo,21.548387096774192,18.625806451612902,25.467741935483872,31
2023-02-01,sao_paulo,22.385714285714283,19.599999999999998,26.282142857142855,28
2023-03-01,sao_paulo,22.20967741935484,18.851612903225806,26.706451612903226,31
2023-04-01,sao_paulo,19.233333333333334,16.163333333333334,23.413333333333334,30
2023-05-01,sao_paulo,17.89032258064516,14.309677419354838,22.51290322580645,31
2023-06-01,sao_paulo,16.293333333333333,12.263333333333332,21.363333333333333,30
2023-07-01,sao_paulo,16.703225806451613,12.577419354838709,21.958064516129035,31
2023-08-01,sao_paulo,18.519354838709678,14.33548387096774,24.287096774193547,31
2023-09-01,sao_paulo,21.446666666666665,16.296666666666667,27.60666666666667,30
2023-10-01,sao_paulo,20.883870967741935,17.648387096774194,25.35483870967742,31
2023-11-01,sao_paulo,22.733333333333334,18.473333333333336,27.676666666666666,30
2023-12-01,sao_paulo,23.048387096774192,19.061290322580643,27.81935483870968,31
2024-01-01,sao_paulo,22.54516129032258,19.280645161290323,26.467741935483872,31
2024-02-01,sao_paulo,22.941379310344825,19.772413793103446,26.95862068965517,29
2024-03-01,sao_paulo,22.529032258064515,19.61935483870968,26.648387096774194,31
2024-04-01,sao_paulo,21.706666666666667,18.1,26.36,30
2024-05-01,sao_paulo,20.46451612903226,16.40967741935484,25.541935483870965,31
2024-06-01,sao_paulo,18.363333333333333,13.666666666666666,24.25,30
2024-07-01,sao_paulo,16.677419354838708,12.745161290322581,21.993548387096773,31
2024-08-01,sao_paulo,17.66774193548387,12.206451612903225,24.038709677419355,31
2024-09-01,sao_paulo,21.603333333333335,16.46,27.816666666666666,30
2024-10-01,sao_paulo,20.177419354838708,16.61935483870968,25.074193548387097,31
2024-11-01,sao_paulo,20.823333333333334,17.346666666666668,25.163333333333334,30
2024-12-01,sao_paulo,21.770967741935483,18.822580645161292,25.593548387096774,31
2025-01-01,sao_paulo,22.370967741935484,19.438709677419357,26.261290322580646,31
2025-02-01,sao_paulo,23.917857142857144,20.446428571428573,28.24642857142857,28
2025-03-01,sao_paulo,22.19677419354839,18.961290322580645,26.64516129032258,31
2025-04-01,sao_paulo,19.743333333333332,17.08,23.543333333333333,30
2025-05-01,sao_paulo,18.229032258064517,14.470967741935485,22.825806451612905,31
2025-06-01,sao_paulo,16.353333333333335,12.526666666666667,21.376666666666665,30
2025-07-01,sao_paulo,14.670967741935485,10.880645161290323,19.506451612903227,31
2025-08-01,sao_paulo,16.641935483870967,12.538709677419355,22.309677419354838,31
2025-09-01,sao_paulo,18.663333333333334,14.343333333333334,24.4,30
2025-10-01,sao_paulo,19.1,15.087096774193547,24.14516129032258,31
2025-11-01,sao_paulo,19.583333333333332,15.583333333333334,24.533333333333335,30
2025-12-01,sao_paulo,23.0,19.364516129032257,27.55806451612903,31
2021-01-01,sydney,21.738709677419354,18.845161290322583,24.55483870967742,31
2021-02-01,sydney,21.189285714285713,19.021428571428572,23.57857142857143,28
2021-03-01,sydney,20.30322580645161,18.02258064516129,22.758064516129032,31
2021-04-01,sydney,17.446666666666665,13.866666666666667,21.02,30
2021-05-01,sydney,15.303225806451614,12.40967741935484,18.280645161290323,31
2021-06-01,sydney,12.636666666666667,9.756666666666666,15.836666666666668,30
2021-07-01,sydney,12.161290322580646,9.100000000000001,15.580645161290322,31
2021-08-01,sydney,13.73225806451613,9.670967741935485,18.10967741935484,31
2021-09-01,sydney,15.356666666666666,11.343333333333334,19.64,30
2021-10-01,sydney,16.96451612903226,13.12258064516129,20.825806451612905,31
2021-11-01,sydney,17.996666666666666,15.596666666666666,20.526666666666664,30
2021-12-01,sydney,20.358064516129033,17.55806451612903,23.129032258064516,31
2022-01-01,sydney,22.6,20.42258064516129,24.780645161290323,31
2022-02-01,sydney,21.77857142857143,19.3,24.36785714285714,28
2022-03-01,sydney,20.46451612903226,18.403225806451612,22.309677419354838,31
2022-04-01,sydney,18.529999999999998,15.743333333333334,21.19,30
2022-05-01,sydney,15.796774193548387,13.16451612903226,18.51290322580645,31
2022-06-01,sydney,12.04,9.173333333333334,15.443333333333333,30
2022-07-01,sydney,12.516129032258064,10.274193548387096,14.883870967741935,31
2022-08-01,sydney,13.338709677419354,10.3,16.883870967741935,31
2022-09-01,sydney,14.666666666666666,12.043333333333333,17.48,30
2022-10-01,sydney,16.893548387096775,14.216129032258063,19.538709677419355,31
2022-11-01,sydney,17.563333333333333,13.983333333333333,20.836666666666666,30
2022-12-01,sydney,19.10967741935484,15.864516129032259,22.12258064516129,31
2023-01-01,sydney,21.490322580645163,18.82903225806452,24.193548387096776,31
2023-02-01,sydney,22.192857142857143,19.37857142857143,25.099999999999998,28
2023-03-01,sydney,21.95483870967742,18.97741935483871,25.183870967741935,31
2023-04-01,sydney,17.88,15.183333333333334,20.566666666666666,30
2023-05-01,sydney,14.029032258064515,10.474193548387097,17.683870967741935,31
2023-06-01,sydney,12.99,9.656666666666666,16.853333333333335,30
2023-07-01,sydney,13.119354838709677,9.364516129032259,17.39032258064516,31
2023-08-01,sydney,13.912903225806453,10.129032258064516,17.870967741935484,31
2023-09-01,sydney,16.656666666666666,11.603333333333333,21.253333333333334,30
2023-10-01,sydney,18.364516129032257,14.074193548387097,22.629032258064516,31
2023-11-01,sydney,19.58,17.11,22.336666666666666,30
2023-12-01,sydney,22.02258064516129,18.961290322580645,25.27741935483871,31
2024-01-01,sydney,22.980645161290322,20.406451612903226,25.845161290322583,31
2024-02-01,sydney,22.886206896551727,20.47241379310345,25.779310344827586,29
2024-03-01,sydney,21.606451612903225,18.76451612903226,24.541935483870965,31
2024-04-01,sydney,18.433333333333334,15.826666666666666,21.223333333333336,30
2024-05-01,sydney,15.422580645161291,12.922580645161291,18.0258064516129,31
2024-06-01,sydney,12.563333333333333,9.816666666666666,15.526666666666667,30
2024-07-01,sydney,12.290322580645162,9.696774193548388,15.338709677419354,31
2024-08-01,sydney,14.696774193548388,11.19032258064516,18.374193548387098,31
2024-09-01,sydney,16.32,12.21,20.676666666666666,30
2024-10-01,sydney,17.35483870967742,13.812903225806451,20.96451612903226,31
2024-11-01,sydney,20.779999999999998,17.873333333333335,23.973333333333336,30
2024-12-01,sydney,22.322580645161292,18.96451612903226,25.938709677419357,31
2025-01-01,sydney,21.98709677419355,19.5258064516129,24.864516129032257,31
2025-02-01,sydney,22.49285714285714,20.05,25.228571428571428,28
2025-03-01,sydney,22.30322580645161,20.11935483870968,24.86774193548387,31
2025-04-01,sydney,19.34,16.556666666666665,22.23,30
2025-05-01,sydney,16.45483870967742,14.051612903225807,18.835483870967742,31
2025-06-01,sydney,12.113333333333333,8.83,15.620000000000001,30
2025-07-01,sydney,12.290322580645162,9.312903225806451,15.509677419354839,31
2025-08-01,sydney,13.370967741935484,10.874193548387098,16.087096774193547,31
2025-09-01,sydney,16.37,12.193333333333333,20.723333333333336,30
2025-10-01,sydney,19.44193548387097,15.248387096774193,24.103225806451615,31
2025-11-01,sydney,20.470000000000002,16.423333333333332,24.646666666666665,30
2025-12-01,sydney,21.212903225806453,17.63225806451613,24.993548387096773,31
2021-01-01,johannesburg,19.403225806451612,15.274193548387096,24.280645161290323,31
2021-02-01,johannesburg,17.882142857142856,13.857142857142858,22.564285714285713,28
2021-03-01,johannesburg,17.41290322580645,12.36774193548387,22.958064516129035,31
2021-04-01,johannesburg,16.393333333333334,10.056666666666667,23.126666666666665,30
2021-05-01,johannesburg,12.258064516129032,5.819354838709677,19.270967741935483,31
2021-06-01,johannesburg,9.686666666666667,3.52,16.54,30
2021-07-01,johannesburg,8.319354838709677,1.4967741935483871,15.77741935483871,31
2021-08-01,johannesburg,12.654838709677419,5.516129032258065,20.419354838709676,31
2021-09-01,johannesburg,16.970000000000002,9.313333333333333,24.779999999999998,30
2021-10-01,johannesburg,16.46451612903226,10.112903225806452,23.080645161290324,31
2021-11-01,johannesburg,18.913333333333334,12.696666666666665,25.633333333333333,30
2021-12-01,johannesburg,17.812903225806455,13.496774193548386,22.758064516129032,31
2022-01-01,johannesburg,18.31935483870968,13.980645161290322,23.135483870967743,31
2022-02-01,johannesburg,19.042857142857144,13.710714285714285,24.567857142857143,28
2022-03-01,johannesburg,17.1,12.667741935483871,22.003225806451614,31
2022-04-01,johannesburg,13.333333333333334,8.863333333333333,18.243333333333332,30
2022-05-01,johannesburg,11.183870967741935,5.570967741935483,17.287096774193547,31
2022-06-01,johannesburg,8.29,2.716666666666667,14.906666666666666,30
2022-07-01,johannesburg,9.796774193548387,3.42258064516129,16.712903225806453,31
2022-08-01,johannesburg,12.216129032258063,5.04516129032258,19.509677419354837,31
2022-09-01,johannesburg,17.303333333333335,9.786666666666667,24.923333333333336,30
2022-10-01,johannesburg,20.038709677419355,13.480645161290322,26.758064516129032,31
2022-11-01,johannesburg,17.363333333333333,12.626666666666667,22.56,30
2022-12-01,johannesburg,18.31935483870968,13.803225806451612,23.161290322580644,31
2023-01-01,johannesburg,19.716129032258067,13.829032258064515,25.345161290322583,31
2023-02-01,johannesburg,18.125,14.139285714285714,22.782142857142855,28
2023-03-01,johannesburg,18.200000000000003,12.974193548387097,23.693548387096776,31
2023-04-01,johannesburg,15.78,9.693333333333333,22.17,30
2023-05-01,johannesburg,12.435483870967742,7.27741935483871,18.432258064516127,31
2023-06-01,johannesburg,9.993333333333334,4.1066666666666665,17.19333333333333,30
2023-07-01,johannesburg,9.035483870967743,2.8870967741935485,16.087096774193547,31
2023-08-01,johannesburg,12.387096774193548,4.974193548387096,20.316129032258065,31
2023-09-01,johannesburg,17.029999999999998,9.243333333333334,24.923333333333336,30
2023-10-01,johannesburg,18.44193548387097,11.380645161290323,25.541935483870965,31
2023-11-01,johannesburg,19.673333333333336,13.513333333333332,25.720000000000002,30
2023-12-01,johannesburg,20.067741935483873,14.69032258064516,25.65806451612903,31
2024-01-01,johannesburg,19.438709677419357,14.319354838709677,24.661290322580644,31
2024-02-01,johannesburg,20.620689655172413,15.089655172413794,26.579310344827583,29
2024-03-01,johannesburg,20.22258064516129,14.464516129032257,26.32903225806452,31
2024-04-01,johannesburg,15.273333333333333,10.24,20.793333333333333,30
2024-05-01,johannesburg,14.635483870967741,7.645161290322581,22.006451612903227,31
2024-06-01,johannesburg,9.496666666666666,3.1533333333333333,16.663333333333334,30
2024-07-01,johannesburg,10.338709677419354,2.829032258064516,18.567741935483873,31
2024-08-01,johannesburg,14.051612903225807,6.674193548387097,22.009677419354837,31
2024-09-01,johannesburg,16.779999999999998,9.693333333333333,24.123333333333335,30
2024-10-01,johannesburg,17.925806451612903,10.380645161290323,25.419354838709676,31
2024-11-01,johannesburg,20.15,13.85,26.779999999999998,30
2024-12-01,johannesburg,21.58709677419355,16.05483870967742,27.725806451612904,31
2025-01-01,johannesburg,19.338709677419356,14.858064516129033,24.177419354838708,31
2025-02-01,johannesburg,19.103571428571428,15.196428571428571,23.339285714285715,28
2025-03-01,johannesburg,17.480645161290322,13.680645161290323,22.04516129032258,31
2025-04-01,johannesburg,14.133333333333333,9.843333333333334,18.790000000000003,30
2025-05-01,johannesburg,10.780645161290321,4.558064516129033,17.306451612903224,31
2025-06-01,johannesburg,8.296666666666667,2.0433333333333334,15.516666666666667,30
2025-07-01,johannesburg,8.932258064516128,3.135483870967742,15.738709677419354,31
2025-08-01,johannesburg,12.774193548387096,5.470967741935484,20.4,31
2025-09-01,johannesburg,16.99,10.256666666666666,24.03666666666667,30
2025-10-01,johannesburg,17.216129032258067,11.109677419354838,23.551612903225806,31
2025-11-01,johannesburg,16.16,12.08,20.82,30
2025-12-01,johannesburg,17.55483870967742,13.416129032258064,22.296774193548387,31
2021-01-01,moscow,-7.235483870967743,-9.167741935483871,-5.509677419354839,31
2021-02-01,moscow,-12.760714285714286,-16.40357142857143,-9.625,28
2021-03-01,moscow,-3.729032258064516,-7.790322580645161,-0.12258064516129037,31
2021-04-01,moscow,5.883333333333334,1.22,10.496666666666666,30
2021-05-01,moscow,13.52258064516129,8.55483870967742,17.809677419354838,31
2021-06-01,moscow,19.90666666666667,14.483333333333333,24.186666666666667,30
2021-07-01,moscow,22.448387096774194,17.33225806451613,26.64516129032258,31
2021-08-01,moscow,19.64516129032258,15.432258064516128,23.79032258064516,31
2021-09-01,moscow,9.953333333333335,7.409999999999999,12.406666666666666,30
2021-10-01,moscow,5.825806451612903,2.693548387096774,9.003225806451614,31
2021-11-01,moscow,1.5833333333333333,-0.7766666666666667,3.67,30
2021-12-01,moscow,-7.974193548387097,-10.67741935483871,-5.603225806451613,31
2022-01-01,moscow,-6.764516129032257,-9.096774193548388,-4.577419354838709,31
2022-02-01,moscow,-2.9857142857142853,-5.682142857142857,-0.8821428571428571,28
2022-03-01,moscow,-3.7,-8.47741935483871,1.0709677419354837,31
2022-04-01,moscow,4.303333333333333,0.43333333333333335,8.076666666666666,30
2022-05-01,moscow,9.625806451612902,5.1,13.770967741935483,31
2022-06-01,moscow,18.040000000000003,12.639999999999999,22.276666666666664,30
2022-07-01,moscow,20.593548387096774,15.59032258064516,24.967741935483872,31
2022-08-01,moscow,21.88064516129032,16.23548387096774,26.87741935483871,31
2022-09-01,moscow,10.31,7.260000000000001,13.506666666666666,30
2022-10-01,moscow,6.932258064516129,4.16774193548387,9.738709677419354,31
2022-11-01,moscow,-1.21,-2.89,0.30000000000000004,30
2022-12-01,moscow,-5.16774193548387,-7.229032258064516,-3.0032258064516126,31
2023-01-01,moscow,-6.206451612903226,-8.506451612903225,-3.745161290322581,31
2023-02-01,moscow,-5.507142857142857,-8.1,-3.3535714285714286,28
2023-03-01,moscow,-1.1903225806451612,-5.080645161290323,2.129032258064516,31
2023-04-01,moscow,8.02,2.316666666666667,13.216666666666667,30
2023-05-01,moscow,12.23225806451613,6.638709677419355,16.774193548387096,31
2023-06-01,moscow,16.736666666666668,11.1,21.353333333333335,30
2023-07-01,moscow,18.212903225806453,14.193548387096774,21.816129032258065,31
2023-08-01,moscow,19.229032258064517,14.816129032258065,23.13225806451613,31
2023-09-01,moscow,14.783333333333333,10.246666666666666,19.25,30
2023-10-01,moscow,5.354838709677419,3.0354838709677416,7.638709677419355,31
2023-11-01,moscow,0.16333333333333327,-1.97,2.19,30
2023-12-01,moscow,-5.84516129032258,-8.03225806451613,-4.0,31
2024-01-01,moscow,-12.138709677419355,-15.577419354838709,-8.77741935483871,31
2024-02-01,moscow,-6.041379310344827,-8.427586206896551,-3.7517241379310344,29
2024-03-01,moscow,-1.3387096774193548,-5.300000000000001,2.6548387096774193,31
2024-04-01,moscow,9.373333333333333,4.3133333333333335,14.133333333333333,30
2024-05-01,moscow,11.667741935483871,6.116129032258065,15.996774193548386,31
2024-06-01,moscow,19.753333333333334,15.03,23.91,30
2024-07-01,moscow,21.980645161290322,17.093548387096774,26.24516129032258,31
2024-08-01,moscow,18.88064516129032,14.27741935483871,23.27741935483871,31
2024-09-01,moscow,17.296666666666667,12.286666666666667,22.226666666666667,30
2024-10-01,moscow,7.490322580645161,4.683870967741935,10.612903225806452,31
2024-11-01,moscow,0.8133333333333332,-1.2333333333333334,2.8266666666666667,30
2024-12-01,moscow,-3.2,-5.393548387096774,-1.3806451612903226,31
2025-01-01,moscow,-1.0741935483870966,-3.125806451612903,0.7419354838709677,31
2025-02-01,moscow,-5.110714285714286,-7.703571428571428,-2.167857142857143,28
2025-03-01,moscow,3.083870967741935,-1.0,7.138709677419354,31
2025-04-01,moscow,7.136666666666667,2.5933333333333333,11.610000000000001,30
2025-05-01,moscow,12.609677419354838,7.448387096774193,17.161290322580644,31
2025-06-01,moscow,16.603333333333335,12.5,20.31,30
2025-07-01,moscow,21.270967741935483,16.700000000000003,25.496774193548386,31
2025-08-01,moscow,16.925806451612903,13.387096774193548,20.55806451612903,31
2025-09-01,moscow,13.513333333333332,9.826666666666666,17.186666666666667,30
2025-10-01,moscow,6.906451612903226,4.877419354838709,9.183870967741935,31
2025-11-01,moscow,2.9133333333333336,1.12,4.8,30
2025-12-01,moscow,-2.035483870967742,-3.8225806451612905,-0.5064516129032258,31
