market_id,time,temperature_2m_mean,temperature_2m_min,temperature_2m_max
london,2021-01-01,1.0,-2.2,3.7
london,2021-01-02,2.3,-1.7,3.8
london,2021-01-03,1.2,-2.4,4.9
london,2021-01-04,2.9,1.6,4.3
london,2021-01-05,2.2,0.2,3.9
london,2021-01-06,2.3,-0.9,4.7
london,2021-01-07,-0.5,-2.4,2.7
london,2021-01-08,-0.1,-2.5,2.8
london,2021-01-09,1.1,-0.7,4.6
london,2021-01-10,0.5,-2.3,3.9
london,2021-01-11,4.8,1.1,7.8
london,2021-01-12,6.1,-0.3,9.0
london,2021-01-13,3.8,-1.5,7.6
london,2021-01-14,4.5,1.4,7.6
london,2021-01-15,0.9,-1.4,4.0
london,2021-01-16,3.6,0.6,6.9
london,2021-01-17,4.3,2.7,6.4
london,2021-01-18,4.2,1.1,7.2
london,2021-01-19,9.7,7.4,10.4
london,2021-01-20,9.6,9.1,10.1
london,2021-01-21,5.7,3.2,9.3
london,2021-01-22,2.7,-0.2,6.5
london,2021-01-23,1.0,-2.0,3.6
london,2021-01-24,-0.8,-4.1,2.3
london,2021-01-25,0.3,-3.0,4.2
london,2021-01-26,1.9,-2.5,5.5
london,2021-01-27,7.9,5.9,9.5
london,2021-01-28,9.9,7.4,11.7
london,2021-01-29,8.8,8.0,10.0
london,2021-01-30,4.6,2.3,7.9
london,2021-01-31,2.2,0.8,3.4
london,2021-02-01,3.4,2.4,4.6
london,2021-02-02,8.6,3.4,12.2
london,2021-02-03,7.8,4.4,9.2
london,2021-02-04,5.5,1.6,8.5
london,2021-02-05,7.0,4.7,9.6
london,2021-02-06,4.3,2.1,6.7
london,2021-02-07,1.0,-0.7,3.4
london,2021-02-08,-1.1,-2.3,0.1
london,2021-02-09,-1.4,-3.1,0.4
london,2021-02-10,-2.5,-5.7,0.4
london,2021-02-11,-3.7,-6.7,-0.7
london,2021-02-12,-2.3,-3.6,-0.1
london,2021-02-13,-2.5,-5.1,-0.1
london,2021-02-14,1.9,-0.5,4.5
london,2021-02-15,8.3,4.5,11.7
london,2021-02-16,8.8,7.3,9.8
london,2021-02-17,8.8,6.8,10.0
london,2021-02-18,8.0,4.5,10.6
london,2021-02-19,7.7,3.8,10.5
london,2021-02-20,11.8,10.0,14.1
london,2021-02-21,11.1,7.6,14.0
london,2021-02-22,9.3,6.7,12.0
london,2021-02-23,9.4,5.5,12.6
london,2021-02-24,12.4,10.2,14.7
london,2021-02-25,9.8,6.0,11.6
london,2021-02-26,5.6,0.3,10.7
london,2021-02-27,5.6,0.4,10.9
london,2021-02-28,4.4,0.5,8.7
london,2021-03-01,5.1,2.9,8.5
london,2021-03-02,5.0,1.1,10.1
london,2021-03-03,5.9,1.1,12.3
london,2021-03-04,5.1,3.6,6.2
london,2021-03-05,3.9,0.8,6.2
london,2021-03-06,2.2,-1.7,6.1
london,2021-03-07,1.9,-2.0,5.6
london,2021-03-08,3.8,-0.7,9.2
london,2021-03-09,5.5,0.3,11.6
london,2021-03-10,6.9,4.9,10.0
london,2021-03-11,9.2,5.3,11.1
london,2021-03-12,6.7,4.2,9.8
london,2021-03-13,6.2,3.4,9.3
london,2021-03-14,6.7,3.4,9.7
london,2021-03-15,8.6,6.6,11.5
london,2021-03-16,8.0,4.1,10.8
london,2021-03-17,6.6,2.9,9.4
london,2021-03-18,7.1,5.2,8.5
london,2021-03-19,6.9,4.0,8.9
london,2021-03-20,6.1,2.1,9.3
london,2021-03-21,7.9,6.4,10.1
london,2021-03-22,7.1,3.7,10.6
london,2021-03-23,6.4,2.7,10.1
london,2021-03-24,7.5,3.6,11.1
london,2021-03-25,7.6,1.4,12.4
london,2021-03-26,8.3,4.3,11.5
london,2021-03-27,6.9,2.9,10.5
london,2021-03-28,9.6,7.6,12.2
london,2021-03-29,10.9,5.9,16.2
london,2021-03-30,11.6,2.9,20.5
london,2021-03-31,13.4,5.3,21.2
london,2021-04-01,9.7,5.1,13.6
london,2021-04-02,6.3,3.9,9.6
london,2021-04-03,6.4,4.8,8.6
london,2021-04-04,7.6,3.1,13.5
london,2021-04-05,5.6,1.9,7.0
london,2021-04-06,2.5,-0.9,6.6
london,2021-04-07,2.5,-2.0,6.1
london,2021-04-08,5.2,-0.6,10.0
london,2021-04-09,7.7,3.8,11.8
london,2021-04-10,5.9,3.2,7.6
london,2021-04-11,4.0,-0.1,8.6
london,2021-04-12,3.8,-2.2,8.6
london,2021-04-13,5.4,-1.2,10.5
london,2021-04-14,5.8,-0.2,10.1
london,2021-04-15,4.6,-0.5,9.9
london,2021-04-16,5.2,-0.8,9.3
london,2021-04-17,5.9,-1.2,11.8
london,2021-04-18,7.4,0.9,12.7
london,2021-04-19,8.4,1.7,15.2
london,2021-04-20,9.7,3.2,15.5
london,2021-04-21,8.6,4.5,13.2
london,2021-04-22,7.0,2.5,11.7
london,2021-04-23,7.6,0.8,14.4
london,2021-04-24,8.9,3.9,14.4
london,2021-04-25,7.4,4.4,11.0
london,2021-04-26,6.8,3.8,11.1
london,2021-04-27,8.2,1.5,14.8
london,2021-04-28,8.7,4.1,13.5
london,2021-04-29,7.7,4.0,11.3
london,2021-04-30,7.0,0.4,12.1
london,2021-05-01,7.0,0.6,12.2
london,2021-05-02,8.0,2.3,12.6
london,2021-05-03,8.4,4.9,11.9
london,2021-05-04,9.7,6.3,13.1
london,2021-05-05,7.2,3.9,12.0
london,2021-05-06,7.2,1.9,11.1
london,2021-05-07,8.6,3.3,13.2
london,2021-05-08,11.1,5.3,15.8
london,2021-05-09,14.7,11.0,18.1
london,2021-05-10,12.6,9.8,15.6
london,2021-05-11,11.1,5.4,15.5
london,2021-05-12,11.7,7.8,14.5
london,2021-05-13,11.3,9.7,13.3
london,2021-05-14,10.1,7.5,13.1
london,2021-05-15,10.9,8.1,14.2
london,2021-05-16,10.7,6.8,14.4
london,2021-05-17,11.4,8.2,15.8
london,2021-05-18,11.0,6.1,15.6
london,2021-05-19,11.4,8.1,15.8
london,2021-05-20,10.1,5.5,12.9
london,2021-05-21,11.1,10.0,12.4
london,2021-05-22,11.1,8.9,14.0
london,2021-05-23,9.8,6.0,12.9
london,2021-05-24,10.5,6.9,13.8
london,2021-05-25,10.7,6.8,14.9
london,2021-05-26,11.0,6.2,14.8
london,2021-05-27,13.8,9.1,18.1
london,2021-05-28,13.8,8.9,18.1
london,2021-05-29,14.2,10.1,19.0
london,2021-05-30,12.1,7.3,17.8
london,2021-05-31,15.1,7.9,21.8
london,2021-06-01,17.5,11.1,23.4
london,2021-06-02,19.1,12.0,25.2
london,2021-06-03,18.7,15.0,22.6
london,2021-06-04,14.4,13.1,15.8
london,2021-06-05,16.7,12.2,21.5
london,2021-06-06,16.7,11.4,20.3
london,2021-06-07,16.9,11.7,21.2
london,2021-06-08,17.2,10.7,22.3
london,2021-06-09,17.8,11.0,23.4
london,2021-06-10,18.2,13.6,22.3
london,2021-06-11,18.9,15.3,22.6
london,2021-06-12,18.1,15.5,21.0
london,2021-06-13,19.3,11.6,26.0
london,2021-06-14,20.5,13.0,26.6
london,2021-06-15,18.6,14.4,23.1
london,2021-06-16,20.3,12.8,27.1
london,2021-06-17,19.5,17.2,22.5
london,2021-06-18,14.4,12.0,16.4
london,2021-06-19,14.1,11.5,17.4
london,2021-06-20,15.3,13.6,17.9
london,2021-06-21,12.5,11.6,13.7
london,2021-06-22,12.7,10.4,14.8
london,2021-06-23,14.1,6.9,19.7
london,2021-06-24,16.0,10.2,19.7
london,2021-06-25,16.5,13.4,20.0
london,2021-06-26,16.6,12.4,21.2
london,2021-06-27,17.7,13.6,22.1
london,2021-06-28,17.2,14.6,21.1
london,2021-06-29,16.1,13.8,19.0
london,2021-06-30,15.0,13.5,16.7
london,2021-07-01,16.4,12.3,19.6
london,2021-07-02,18.4,13.8,22.2
london,2021-07-03,18.1,15.7,21.5
london,2021-07-04,16.7,14.8,19.7
london,2021-07-05,15.9,12.9,19.2
london,2021-07-06,15.9,13.6,18.9
london,2021-07-07,16.5,12.7,19.9
london,2021-07-08,16.9,13.4,21.1
london,2021-07-09,17.5,12.9,21.6
london,2021-07-10,16.0,12.9,19.8
london,2021-07-11,16.2,11.6,20.0
london,2021-07-12,16.8,13.8,19.9
london,2021-07-13,17.6,13.6,21.2
london,2021-07-14,18.4,14.2,21.7
london,2021-07-15,18.0,13.4,21.9
london,2021-07-16,17.7,11.1,23.8
london,2021-07-17,19.5,12.6,25.3
london,2021-07-18,22.0,13.7,28.2
london,2021-07-19,22.0,16.3,26.9
london,2021-07-20,22.0,15.7,27.6
london,2021-07-21,22.1,16.5,26.9
london,2021-07-22,20.8,15.2,25.2
london,2021-07-23,18.2,14.5,22.1
london,2021-07-24,18.7,15.9,22.4
london,2021-07-25,18.5,16.4,22.3
london,2021-07-26,19.1,15.3,22.9
london,2021-07-27,17.8,15.7,20.2
london,2021-07-28,17.0,14.7,19.7
london,2021-07-29,16.3,12.6,20.2
london,2021-07-30,16.3,14.1,19.1
london,2021-07-31,16.5,13.2,19.8
london,2021-08-01,16.2,13.8,19.3
london,2021-08-02,15.5,12.2,19.2
london,2021-08-03,15.7,10.9,19.7
london,2021-08-04,16.8,11.2,20.8
london,2021-08-05,16.5,12.9,20.0
london,2021-08-06,17.2,15.1,20.9
london,2021-08-07,16.1,13.4,19.7
london,2021-08-08,15.5,13.3,19.3
london,2021-08-09,16.1,13.4,20.1
london,2021-08-10,17.2,12.2,21.6
london,2021-08-11,17.1,12.1,21.9
london,2021-08-12,17.9,14.6,20.9
london,2021-08-13,17.5,13.4,21.5
london,2021-08-14,17.9,13.7,21.8
london,2021-08-15,17.3,13.3,21.3
london,2021-08-16,15.9,13.0,18.0
london,2021-08-17,14.9,11.5,17.8
london,2021-08-18,17.6,15.7,19.9
london,2021-08-19,16.8,14.1,20.0
london,2021-08-20,17.8,15.2,20.8
london,2021-08-21,17.4,14.9,20.3
london,2021-08-22,17.7,15.1,21.2
london,2021-08-23,17.1,14.2,20.0
london,2021-08-24,16.8,13.0,20.9
london,2021-08-25,16.5,13.2,20.2
london,2021-08-26,15.9,14.6,17.6
london,2021-08-27,15.5,12.7,18.4
london,2021-08-28,15.4,11.3,19.5
london,2021-08-29,14.4,10.0,17.7
london,2021-08-30,15.7,13.5,18.2
london,2021-08-31,15.7,13.4,18.3
london,2021-09-01,15.7,12.4,18.8
london,2021-09-02,16.0,14.1,18.3
london,2021-09-03,16.0,11.5,20.3
london,2021-09-04,16.2,13.3,19.7
london,2021-09-05,18.1,14.0,23.2
london,2021-09-06,19.5,12.9,26.0
london,2021-09-07,20.6,14.4,26.9
london,2021-09-08,21.0,16.3,26.4
london,2021-09-09,18.6,15.5,21.6
london,2021-09-10,18.7,16.6,21.3
london,2021-09-11,17.9,15.8,21.0
london,2021-09-12,16.6,12.4,20.5
london,2021-09-13,16.2,13.9,19.1
london,2021-09-14,16.8,14.8,19.2
london,2021-09-15,16.8,14.5,19.4
london,2021-09-16,16.9,12.0,21.2
london,2021-09-17,16.0,12.2,20.4
london,2021-09-18,17.0,12.5,21.9
london,2021-09-19,16.6,14.5,18.7
london,2021-09-20,15.3,11.6,19.0
london,2021-09-21,14.6,10.3,19.4
london,2021-09-22,14.7,9.7,20.0
london,2021-09-23,15.8,11.4,20.2
london,2021-09-24,17.2,13.2,22.5
london,2021-09-25,17.2,14.0,20.7
london,2021-09-26,16.6,13.4,20.2
london,2021-09-27,15.7,12.6,17.2
london,2021-09-28,13.2,10.6,16.1
london,2021-09-29,11.8,8.6,14.5
london,2021-09-30,12.7,7.1,16.1
london,2021-10-01,15.0,9.6,17.2
london,2021-10-02,12.0,8.0,16.2
london,2021-10-03,12.5,9.9,16.0
london,2021-10-04,12.7,10.8,16.1
london,2021-10-05,12.8,9.7,14.7
london,2021-10-06,12.1,9.5,15.6
london,2021-10-07,14.5,9.1,18.5
london,2021-10-08,15.6,11.9,18.0
london,2021-10-09,12.0,7.6,16.5
london,2021-10-10,13.0,9.8,16.5
london,2021-10-11,10.8,7.1,15.4
london,2021-10-12,11.2,7.9,15.1
london,2021-10-13,12.3,9.4,15.6
london,2021-10-14,13.2,10.2,16.1
london,2021-10-15,11.8,8.6,13.6
london,2021-10-16,11.3,8.1,14.8
london,2021-10-17,12.3,10.0,14.8
london,2021-10-18,13.1,8.1,16.6
london,2021-10-19,17.3,15.9,19.0
london,2021-10-20,14.9,11.8,16.6
london,2021-10-21,9.2,5.7,11.3
london,2021-10-22,8.8,5.4,12.9
london,2021-10-23,9.5,4.6,13.5
london,2021-10-24,12.3,9.9,14.7
london,2021-10-25,12.0,9.3,15.2
london,2021-10-26,12.3,9.4,15.9
london,2021-10-27,14.6,13.6,16.2
london,2021-10-28,13.7,11.9,16.1
london,2021-10-29,13.2,10.5,14.6
london,2021-10-30,11.3,9.2,13.7
london,2021-10-31,11.4,8.8,13.5
london,2021-11-01,9.6,5.4,12.5
london,2021-11-02,6.2,2.0,10.7
london,2021-11-03,5.9,1.2,10.3
london,2021-11-04,6.7,4.7,9.2
london,2021-11-05,5.5,0.7,9.3
london,2021-11-06,9.4,6.2,12.0
london,2021-11-07,9.8,5.6,12.3
london,2021-11-08,7.5,2.9,11.2
london,2021-11-09,11.8,10.9,13.8
london,2021-11-10,11.2,9.7,12.6
london,2021-11-11,10.8,8.8,13.8
london,2021-11-12,11.4,8.8,13.9
london,2021-11-13,11.9,11.0,13.1
london,2021-11-14,11.0,8.5,13.0
london,2021-11-15,9.3,7.5,11.7
london,2021-11-16,8.6,6.0,10.6
london,2021-11-17,8.2,5.4,11.1
london,2021-11-18,8.9,4.6,13.4
london,2021-11-19,11.0,9.9,12.2
london,2021-11-20,9.5,7.9,11.2
london,2021-11-21,6.8,4.4,9.7
london,2021-11-22,6.0,4.0,9.5
london,2021-11-23,3.9,1.2,7.8
london,2021-11-24,4.9,2.6,6.5
london,2021-11-25,4.4,0.9,6.2
london,2021-11-26,4.3,0.9,8.3
london,2021-11-27,2.8,1.8,4.8
london,2021-11-28,1.1,-0.8,3.0
london,2021-11-29,0.9,-1.9,4.5
london,2021-11-30,8.4,5.2,10.3
london,2021-12-01,7.7,2.7,10.4
london,2021-12-02,1.7,-1.4,4.3
london,2021-12-03,5.3,-0.9,9.2
london,2021-12-04,6.0,4.3,7.0
london,2021-12-05,4.9,4.0,6.9
london,2021-12-06,3.5,-0.6,6.3
london,2021-12-07,4.3,-0.2,7.7
london,2021-12-08,5.4,4.2,7.2
london,2021-12-09,5.2,3.1,7.5
london,2021-12-10,5.4,3.0,7.4
london,2021-12-11,4.5,0.6,10.4
london,2021-12-12,11.3,10.6,11.9
london,2021-12-13,10.3,9.2,11.2
london,2021-12-14,10.8,9.1,12.3
london,2021-12-15,11.0,9.8,12.0
london,2021-12-16,9.3,6.8,11.1
london,2021-12-17,6.3,4.4,7.6
london,2021-12-18,7.6,6.7,8.3
london,2021-12-19,5.7,4.7,6.7
london,2021-12-20,5.6,4.0,6.8
london,2021-12-21,3.0,-0.9,5.3
london,2021-12-22,0.8,-2.3,4.2
london,2021-12-23,7.5,1.6,11.0
london,2021-12-24,8.1,5.2,9.6
london,2021-12-25,6.5,5.1,7.8
london,2021-12-26,7.0,5.3,9.5
london,2021-12-27,8.6,6.3,10.4
london,2021-12-28,9.6,8.5,10.4
london,2021-12-29,10.5,7.0,14.2
london,2021-12-30,13.4,12.8,14.1
london,2021-12-31,12.8,12.2,14.1
london,2022-01-01,12.6,11.6,14.4
london,2022-01-02,11.3,9.3,12.6
london,2022-01-03,9.1,7.8,10.2
london,2022-01-04,4.9,1.3,7.8
london,2022-01-05,2.4,-0.2,5.5
london,2022-01-06,1.6,-3.7,7.2
london,2022-01-07,3.9,2.0,6.6
london,2022-01-08,5.5,0.6,9.6
london,2022-01-09,3.8,0.8,6.9
london,2022-01-10,4.5,0.1,8.3
london,2022-01-11,8.7,7.7,10.0
london,2022-01-12,4.2,1.4,7.8
london,2022-01-13,2.2,-1.0,7.9
london,2022-01-14,1.6,-1.1,6.5
london,2022-01-15,2.4,-1.0,5.5
london,2022-01-16,5.0,2.0,9.0
london,2022-01-17,2.9,-0.6,7.4
london,2022-01-18,2.2,-1.1,5.8
london,2022-01-19,5.1,3.0,8.5
london,2022-01-20,1.8,-0.7,4.6
london,2022-01-21,0.9,-3.0,5.6
london,2022-01-22,2.4,-1.2,6.1
london,2022-01-23,3.8,2.8,5.4
london,2022-01-24,3.3,2.3,4.9
london,2022-01-25,1.9,-0.4,3.9
london,2022-01-26,3.5,0.7,7.3
london,2022-01-27,7.1,3.0,10.8
london,2022-01-28,4.0,0.1,7.9
london,2022-01-29,9.7,6.2,12.2
london,2022-01-30,4.1,-0.5,6.8
london,2022-01-31,6.0,4.3,7.7
london,2022-02-01,8.9,4.4,12.4
london,2022-02-02,9.7,8.0,11.4
london,2022-02-03,8.5,7.2,10.3
london,2022-02-04,6.6,2.8,8.5
london,2022-02-05,5.8,1.4,9.9
london,2022-02-06,8.9,5.7,10.2
london,2022-02-07,6.2,1.8,9.9
london,2022-02-08,10.1,8.2,12.2
london,2022-02-09,9.7,8.0,12.0
london,2022-02-10,6.3,3.3,9.0
london,2022-02-11,3.4,-0.4,7.5
london,2022-02-12,4.8,1.2,7.7
london,2022-02-13,7.8,6.3,9.6
london,2022-02-14,7.5,5.0,9.6
london,2022-02-15,6.4,1.9,9.3
london,2022-02-16,12.4,8.6,14.6
london,2022-02-17,9.1,7.3,11.4
london,2022-02-18,8.1,4.2,10.9
london,2022-02-19,5.4,2.8,8.7
london,2022-02-20,9.4,4.9,11.4
london,2022-02-21,7.5,4.4,11.2
london,2022-02-22,8.3,3.9,13.3
london,2022-02-23,6.3,1.2,10.5
london,2022-02-24,6.2,3.2,7.9
london,2022-02-25,5.6,1.9,9.7
london,2022-02-26,4.3,-0.3,9.5
london,2022-02-27,5.0,1.5,9.0
london,2022-02-28,8.0,4.9,11.4
london,2022-03-01,8.0,6.6,9.5
london,2022-03-02,6.4,5.8,7.3
london,2022-03-03,7.8,4.2,11.7
london,2022-03-04,7.3,5.0,8.8
london,2022-03-05,5.3,4.0,6.9
london,2022-03-06,4.5,2.8,6.5
london,2022-03-07,4.0,2.5,6.1
london,2022-03-08,5.4,0.3,10.7
london,2022-03-09,8.9,6.4,11.4
london,2022-03-10,10.4,7.3,14.1
london,2022-03-11,9.3,7.3,11.6
london,2022-03-12,9.0,7.0,11.1
london,2022-03-13,8.7,5.8,11.9
london,2022-03-14,6.9,1.7,12.0
london,2022-03-15,8.2,3.3,13.1
london,2022-03-16,9.3,6.3,13.2
london,2022-03-17,7.3,2.2,12.8
london,2022-03-18,8.2,2.5,14.1
london,2022-03-19,8.8,6.1,11.9
london,2022-03-20,6.9,3.3,10.3
london,2022-03-21,7.5,-0.4,15.1
london,2022-03-22,11.6,6.6,17.5
london,2022-03-23,11.0,4.4,17.6
london,2022-03-24,11.1,5.7,17.0
london,2022-03-25,9.1,2.1,15.8
london,2022-03-26,9.2,2.4,15.8
london,2022-03-27,8.2,4.5,12.3
london,2022-03-28,9.1,2.3,15.8
london,2022-03-29,9.1,6.6,13.0
london,2022-03-30,7.3,3.5,10.6
london,2022-03-31,3.6,0.7,7.1
london,2022-04-01,3.8,1.0,7.6
london,2022-04-02,3.2,-1.4,8.2
london,2022-04-03,3.7,-2.6,9.0
london,2022-04-04,7.9,4.1,12.4
london,2022-04-05,10.6,9.0,12.7
london,2022-04-06,10.3,8.5,12.9
london,2022-04-07,9.0,5.7,11.9
london,2022-04-08,5.8,2.4,10.1
london,2022-04-09,5.8,0.8,10.1
london,2022-04-10,7.1,2.0,11.8
london,2022-04-11,10.1,4.9,15.1
london,2022-04-12,12.4,8.4,17.2
london,2022-04-13,12.4,8.3,17.1
london,2022-04-14,12.1,5.1,17.5
london,2022-04-15,13.6,7.5,19.2
london,2022-04-16,12.1,8.3,16.9
london,2022-04-17,11.4,5.8,16.7
london,2022-04-18,10.8,5.9,15.3
london,2022-04-19,10.7,6.4,14.4
london,2022-04-20,10.9,6.7,15.9
london,2022-04-21,11.4,7.3,16.2
london,2022-04-22,10.7,7.3,13.9
london,2022-04-23,12.2,9.6,15.1
london,2022-04-24,12.1,8.0,16.6
london,2022-04-25,9.2,5.5,12.7
london,2022-04-26,9.3,3.8,13.4
london,2022-04-27,8.3,3.9,11.5
london,2022-04-28,9.2,4.4,13.6
london,2022-04-29,8.7,5.8,11.4
london,2022-04-30,10.2,3.8,15.7
london,2022-05-01,10.8,8.6,13.0
london,2022-05-02,11.7,7.1,15.6
london,2022-05-03,11.8,9.5,14.2
london,2022-05-04,12.5,8.7,17.1
london,2022-05-05,13.0,6.6,18.6
london,2022-05-06,14.4,8.4,19.8
london,2022-05-07,14.0,11.2,18.0
london,2022-05-08,11.9,7.7,16.7
london,2022-05-09,13.7,5.1,19.9
london,2022-05-10,15.1,12.7,18.2
london,2022-05-11,12.5,10.4,14.5
london,2022-05-12,12.6,6.9,17.5
london,2022-05-13,14.2,10.1,18.5
london,2022-05-14,14.2,7.5,20.0
london,2022-05-15,15.8,12.1,19.4
london,2022-05-16,16.5,13.7,20.3
london,2022-05-17,18.0,12.2,23.2
london,2022-05-18,16.6,10.8,21.2
london,2022-05-19,16.6,12.8,20.6
london,2022-05-20,13.8,10.5,16.9
london,2022-05-21,14.1,10.1,17.9
london,2022-05-22,15.3,8.0,21.2
london,2022-05-23,14.8,11.7,18.2
london,2022-05-24,12.8,9.3,17.0
london,2022-05-25,12.9,8.3,16.4
london,2022-05-26,15.0,10.1,19.1
london,2022-05-27,15.2,12.6,18.2
london,2022-05-28,12.6,8.3,16.4
london,2022-05-29,10.9,6.6,14.2
london,2022-05-30,11.7,6.9,15.4
london,2022-05-31,12.6,8.8,17.0
london,2022-06-01,12.4,6.4,17.2
london,2022-06-02,13.9,7.5,19.0
london,2022-06-03,15.6,9.8,20.6
london,2022-06-04,14.3,11.7,17.8
london,2022-06-05,13.1,11.1,16.5
london,2022-06-06,13.6,11.0,17.0
london,2022-06-07,15.1,9.2,19.6
london,2022-06-08,16.6,13.3,20.2
london,2022-06-09,15.3,11.1,18.4
london,2022-06-10,16.9,14.8,19.5
london,2022-06-11,16.3,11.2,20.3
london,2022-06-12,15.6,10.3,19.8
london,2022-06-13,15.2,9.7,18.6
london,2022-06-14,17.0,9.6,22.5
london,2022-06-15,18.6,11.1,24.5
london,2022-06-16,20.4,13.3,26.4
london,2022-06-17,22.7,15.7,29.2
london,2022-06-18,18.7,13.2,23.2
london,2022-06-19,14.1,10.1,18.2
london,2022-06-20,15.5,11.0,19.6
london,2022-06-21,16.3,9.5,22.0
london,2022-06-22,17.7,9.7,23.4
london,2022-06-23,17.7,11.2,23.2
london,2022-06-24,17.3,14.2,20.9
london,2022-06-25,15.6,12.4,18.2
london,2022-06-26,15.4,10.4,19.1
london,2022-06-27,15.2,11.2,18.1
london,2022-06-28,15.6,10.4,19.3
london,2022-06-29,16.3,13.3,20.0
london,2022-06-30,15.2,13.0,18.6
london,2022-07-01,15.5,10.6,20.0
london,2022-07-02,16.1,11.7,19.8
london,2022-07-03,16.4,10.4,21.1
london,2022-07-04,17.6,12.0,22.1
london,2022-07-05,16.8,11.5,20.0
london,2022-07-06,17.9,11.1,23.1
london,2022-07-07,18.9,16.0,22.5
london,2022-07-08,20.2,12.2,26.4
london,2022-07-09,20.0,14.5,24.9
london,2022-07-10,20.8,13.0,27.2
london,2022-07-11,23.1,14.9,29.3
london,2022-07-12,23.6,17.8,27.9
london,2022-07-13,22.9,17.8,27.3
london,2022-07-14,20.2,16.3,24.7
london,2022-07-15,19.6,13.6,24.4
london,2022-07-16,20.2,13.0,25.8
london,2022-07-17,22.5,14.9,28.4
london,2022-07-18,26.5,17.6,34.1
london,2022-07-19,29.3,22.2,36.4
london,2022-07-20,22.3,18.8,26.3
london,2022-07-21,20.0,17.2,23.2
london,2022-07-22,18.6,15.2,22.4
london,2022-07-23,19.2,14.5,24.7
london,2022-07-24,21.0,16.8,26.0
london,2022-07-25,19.7,17.6,23.3
london,2022-07-26,17.6,16.0,19.6
london,2022-07-27,17.2,13.2,20.7
london,2022-07-28,18.3,15.8,21.8
london,2022-07-29,19.5,12.2,24.7
london,2022-07-30,20.5,16.0,24.0
london,2022-07-31,20.5,17.7,23.0
london,2022-08-01,20.4,16.4,25.1
london,2022-08-02,21.9,18.3,26.1
london,2022-08-03,21.8,17.7,26.3
london,2022-08-04,20.0,17.2,22.8
london,2022-08-05,17.9,13.4,22.0
london,2022-08-06,17.8,11.4,23.1
london,2022-08-07,20.0,13.3,25.7
london,2022-08-08,20.4,13.1,26.4
london,2022-08-09,20.5,14.3,26.3
london,2022-08-10,21.1,14.5,27.5
london,2022-08-11,22.8,15.4,30.1
london,2022-08-12,24.0,17.0,30.8
london,2022-08-13,25.0,17.7,31.9
london,2022-08-14,25.1,17.9,31.3
london,2022-08-15,23.7,19.3,28.4
london,2022-08-16,20.5,17.4,24.7
london,2022-08-17,19.2,17.1,22.3
london,2022-08-18,20.3,16.7,24.0
london,2022-08-19,19.9,17.0,22.6
london,2022-08-20,18.0,13.1,21.8
london,2022-08-21,18.4,14.1,22.6
london,2022-08-22,18.1,13.5,22.8
london,2022-08-23,20.8,18.6,23.9
london,2022-08-24,21.7,18.4,25.6
london,2022-08-25,18.8,17.2,20.2
london,2022-08-26,18.5,13.7,22.0
london,2022-08-27,18.7,16.0,21.7
london,2022-08-28,17.2,13.0,20.9
london,2022-08-29,17.2,13.9,20.4
london,2022-08-30,18.1,14.9,21.7
london,2022-08-31,17.6,13.6,22.1
london,2022-09-01,18.2,15.6,20.7
london,2022-09-02,19.4,15.5,24.0
london,2022-09-03,18.2,15.5,21.3
london,2022-09-04,18.6,14.2,22.4
london,2022-09-05,19.1,16.3,21.6
london,2022-09-06,17.6,15.1,20.3
london,2022-09-07,17.0,15.0,19.4
london,2022-09-08,16.1,13.9,19.1
london,2022-09-09,16.1,13.3,19.9
london,2022-09-10,16.7,13.9,20.2
london,2022-09-11,17.2,12.3,21.8
london,2022-09-12,19.3,15.2,23.8
london,2022-09-13,16.7,15.1,18.1
london,2022-09-14,16.9,14.1,20.5
london,2022-09-15,15.7,14.4,17.7
london,2022-09-16,12.8,9.4,15.8
london,2022-09-17,11.6,6.6,16.2
london,2022-09-18,12.4,8.1,16.3
london,2022-09-19,12.9,10.7,14.9
london,2022-09-20,13.8,8.0,17.6
london,2022-09-21,15.5,12.0,19.0
london,2022-09-22,15.0,9.7,18.7
london,2022-09-23,15.3,13.5,18.0
london,2022-09-24,13.5,10.7,16.5
london,2022-09-25,12.3,8.2,15.7
london,2022-09-26,12.6,10.4,14.7
london,2022-09-27,10.8,8.2,14.1
london,2022-09-28,10.3,6.0,14.3
london,2022-09-29,10.2,5.7,15.1
london,2022-09-30,11.4,5.2,16.4
london,2022-10-01,14.9,11.7,18.4
london,2022-10-02,14.3,12.3,17.6
london,2022-10-03,13.3,9.0,17.3
london,2022-10-04,15.1,11.9,17.4
london,2022-10-05,15.5,11.9,18.6
london,2022-10-06,12.9,7.8,17.9
london,2022-10-07,14.5,11.8,18.2
london,2022-10-08,11.3,7.3,15.8
london,2022-10-09,11.1,6.2,16.5
london,2022-10-10,11.7,7.9,15.6
london,2022-10-11,9.4,4.8,14.7
london,2022-10-12,11.6,6.6,17.3
london,2022-10-13,13.4,9.4,16.6
london,2022-10-14,12.0,9.7,13.9
london,2022-10-15,12.6,8.7,16.0
london,2022-10-16,13.8,10.6,16.7
london,2022-10-17,15.2,10.1,17.9
london,2022-10-18,11.8,7.0,17.4
london,2022-10-19,13.6,11.7,16.0
london,2022-10-20,14.2,11.3,16.3
london,2022-10-21,14.5,10.2,17.5
london,2022-10-22,14.5,11.8,17.5
london,2022-10-23,15.0,13.5,17.8
london,2022-10-24,14.2,12.0,17.0
london,2022-10-25,13.6,10.7,16.7
london,2022-10-26,16.0,13.7,18.5
london,2022-10-27,16.4,13.5,20.2
london,2022-10-28,15.5,12.4,17.3
london,2022-10-29,15.9,11.1,20.9
london,2022-10-30,14.1,12.7,15.4
london,2022-10-31,13.8,11.4,16.0
london,2022-11-01,12.7,11.0,14.5
london,2022-11-02,12.1,8.8,14.7
london,2022-11-03,10.8,6.6,13.4
london,2022-11-04,8.3,6.1,11.8
london,2022-11-05,9.4,4.5,13.5
london,2022-11-06,12.6,10.5,13.7
london,2022-11-07,12.5,10.5,13.9
london,2022-11-08,12.8,11.5,14.1
london,2022-11-09,11.2,9.9,13.3
london,2022-11-10,12.4,9.5,15.0
london,2022-11-11,13.7,11.1,15.5
london,2022-11-12,12.6,10.5,16.3
london,2022-11-13,11.1,8.5,14.8
london,2022-11-14,11.5,8.1,14.7
london,2022-11-15,11.0,8.9,12.9
london,2022-11-16,9.7,8.1,11.3
london,2022-11-17,9.5,8.4,10.8
london,2022-11-18,8.6,6.3,11.3
london,2022-11-19,7.1,4.7,9.8
london,2022-11-20,7.2,3.9,10.2
london,2022-11-21,5.9,1.5,9.2
london,2022-11-22,7.2,4.8,9.5
london,2022-11-23,8.6,5.9,11.0
london,2022-11-24,8.9,5.6,12.0
london,2022-11-25,8.4,6.6,11.3
london,2022-11-26,9.2,5.9,11.8
london,2022-11-27,11.2,9.0,12.7
london,2022-11-28,7.4,4.4,10.7
london,2022-11-29,6.4,4.4,8.1
london,2022-11-30,6.9,4.9,9.4
london,2022-12-01,6.4,4.1,8.5
london,2022-12-02,5.8,3.7,8.0
london,2022-12-03,5.7,5.0,7.3
london,2022-12-04,4.5,4.0,5.2
london,2022-12-05,5.9,4.2,7.9
london,2022-12-06,4.7,3.3,6.3
london,2022-12-07,1.5,-1.4,4.3
london,2022-12-08,-1.7,-3.6,2.3
london,2022-12-09,-1.3,-4.3,3.0
london,2022-12-10,-1.7,-4.1,2.7
london,2022-12-11,-1.3,-3.4,1.1
london,2022-12-12,0.2,-1.4,2.2
london,2022-12-13,-1.3,-3.4,1.0
london,2022-12-14,-0.8,-2.4,1.4
london,2022-12-15,-2.7,-5.3,0.6
london,2022-12-16,-2.3,-4.7,2.1
london,2022-12-17,-0.3,-4.4,4.9
london,2022-12-18,1.9,-2.6,8.3
london,2022-12-19,11.4,9.0,12.4
london,2022-12-20,9.4,3.9,12.2
london,2022-12-21,7.0,3.8,9.5
london,2022-12-22,7.7,4.2,10.9
london,2022-12-23,9.6,8.5,11.8
london,2022-12-24,8.5,5.7,10.3
london,2022-12-25,9.8,8.6,10.7
london,2022-12-26,6.4,3.8,9.1
london,2022-12-27,5.7,1.9,9.2
london,2022-12-28,10.3,9.4,11.3
london,2022-12-29,8.0,5.4,9.9
london,2022-12-30,9.3,5.2,12.4
london,2022-12-31,12.1,10.4,13.1
london,2023-01-01,10.2,8.5,11.8
london,2023-01-02,6.4,2.0,8.2
london,2023-01-03,7.4,1.3,11.8
london,2023-01-04,11.8,10.8,12.5
london,2023-01-05,10.8,9.1,12.4
london,2023-01-06,9.6,6.1,11.5
london,2023-01-07,9.9,7.1,11.3
london,2023-01-08,7.3,5.1,8.9
london,2023-01-09,5.8,4.3,7.8
london,2023-01-10,8.0,2.8,12.1
london,2023-01-11,8.3,6.4,11.4
london,2023-01-12,10.2,7.4,11.4
london,2023-01-13,7.4,5.2,9.5
london,2023-01-14,8.4,5.3,11.5
london,2023-01-15,4.8,1.8,7.2
london,2023-01-16,2.1,-3.1,4.2
london,2023-01-17,-1.9,-4.2,1.7
london,2023-01-18,-0.4,-3.5,3.9
london,2023-01-19,-0.5,-3.5,3.6
london,2023-01-20,1.7,-1.1,5.7
london,2023-01-21,1.4,-1.3,5.1
london,2023-01-22,-1.4,-2.9,0.8
london,2023-01-23,-1.3,-3.5,2.5
london,2023-01-24,1.2,-0.7,4.6
london,2023-01-25,1.6,-1.8,6.1
london,2023-01-26,4.7,2.5,7.5
london,2023-01-27,4.2,1.4,6.4
london,2023-01-28,2.1,-1.1,5.9
london,2023-01-29,5.0,2.3,8.3
london,2023-01-30,6.6,2.0,8.6
london,2023-01-31,6.2,1.6,10.6
london,2023-02-01,6.3,3.6,9.7
london,2023-02-02,7.5,4.5,10.6
london,2023-02-03,9.3,7.9,11.1
london,2023-02-04,7.6,5.5,9.8
london,2023-02-05,5.2,0.1,7.8
london,2023-02-06,2.1,-1.1,6.7
london,2023-02-07,1.1,-1.3,5.0
london,2023-02-08,0.3,-2.6,5.6
london,2023-02-09,2.7,-1.7,8.3
london,2023-02-10,2.6,-2.3,7.6
london,2023-02-11,7.5,6.1,9.3
london,2023-02-12,6.7,4.7,9.0
london,2023-02-13,5.5,1.1,10.7
london,2023-02-14,5.0,-0.1,12.4
london,2023-02-15,6.3,1.0,12.7
london,2023-02-16,9.1,7.0,11.3
london,2023-02-17,11.2,9.3,13.4
london,2023-02-18,10.9,9.1,12.6
london,2023-02-19,9.0,7.0,11.4
london,2023-02-20,8.9,6.8,11.4
london,2023-02-21,8.1,5.6,10.0
london,2023-02-22,6.6,4.8,8.6
london,2023-02-23,5.7,1.7,8.0
london,2023-02-24,4.3,0.0,8.7
london,2023-02-25,4.5,2.4,7.4
london,2023-02-26,3.8,1.5,6.8
london,2023-02-27,3.7,0.7,7.3
london,2023-02-28,4.5,1.1,7.4
london,2023-03-01,5.2,3.6,7.3
london,2023-03-02,4.0,0.5,7.2
london,2023-03-03,4.2,2.3,6.7
london,2023-03-04,4.3,1.9,6.7
london,2023-03-05,3.4,1.7,4.7
london,2023-03-06,3.9,-0.7,8.3
london,2023-03-07,3.7,-0.8,5.7
london,2023-03-08,1.4,-0.7,2.1
london,2023-03-09,5.7,2.0,10.2
london,2023-03-10,4.4,-0.1,8.0
london,2023-03-11,2.5,-1.8,6.6
london,2023-03-12,9.5,4.7,12.4
london,2023-03-13,11.5,9.6,13.6
london,2023-03-14,6.3,3.8,9.4
london,2023-03-15,4.1,-1.2,7.9
london,2023-03-16,10.1,7.3,12.5
london,2023-03-17,10.8,8.8,13.6
london,2023-03-18,9.9,8.0,12.7
london,2023-03-19,8.3,5.5,10.0
london,2023-03-20,9.2,7.6,11.1
london,2023-03-21,10.1,7.6,13.1
london,2023-03-22,10.7,9.1,13.5
london,2023-03-23,10.7,7.6,13.7
london,2023-03-24,9.8,7.3,12.6
london,2023-03-25,9.8,7.5,13.3
london,2023-03-26,7.7,3.9,10.2
london,2023-03-27,4.8,0.0,9.1
london,2023-03-28,6.7,2.6,8.5
london,2023-03-29,11.0,8.3,14.0
london,2023-03-30,12.0,9.6,14.9
london,2023-03-31,10.4,9.7,11.3
london,2023-04-01,9.0,7.9,10.6
london,2023-04-02,7.5,5.3,9.5
london,2023-04-03,6.5,3.5,10.0
london,2023-04-04,5.8,-0.3,11.5
london,2023-04-05,6.2,0.2,11.0
london,2023-04-06,9.3,6.3,13.4
london,2023-04-07,8.5,4.2,13.2
london,2023-04-08,7.8,2.6,12.6
london,2023-04-09,9.4,4.7,14.6
london,2023-04-10,10.7,8.0,13.8
london,2023-04-11,8.7,5.3,12.5
london,2023-04-12,7.6,4.8,10.9
london,2023-04-13,8.0,4.9,12.2
london,2023-04-14,7.2,2.4,10.8
london,2023-04-15,9.7,6.6,14.3
london,2023-04-16,9.6,5.4,13.9
london,2023-04-17,10.0,5.8,14.4
london,2023-04-18,8.9,5.9,11.6
london,2023-04-19,10.3,7.1,13.8
london,2023-04-20,9.0,5.5,14.0
london,2023-04-21,7.9,5.4,11.3
london,2023-04-22,8.1,3.1,12.7
london,2023-04-23,10.7,8.1,13.3
london,2023-04-24,8.2,5.6,11.5
london,2023-04-25,6.4,1.4,10.0
london,2023-04-26,7.8,4.1,10.7
london,2023-04-27,9.3,6.0,12.9
london,2023-04-28,12.7,9.5,15.9
london,2023-04-29,10.9,5.1,17.0
london,2023-04-30,11.1,4.8,16.0
london,2023-05-01,12.0,8.1,16.7
london,2023-05-02,10.5,8.0,13.0
london,2023-05-03,9.3,5.2,13.2
london,2023-05-04,13.0,7.9,18.0
london,2023-05-05,13.8,11.3,16.5
london,2023-05-06,12.5,10.0,14.6
london,2023-05-07,14.9,11.8,18.2
london,2023-05-08,12.5,10.2,14.6
london,2023-05-09,13.9,11.6,16.8
london,2023-05-10,12.9,9.2,17.1
london,2023-05-11,12.6,8.2,16.9
london,2023-05-12,10.7,9.0,12.4
london,2023-05-13,11.7,8.7,16.5
london,2023-05-14,12.9,7.1,19.1
london,2023-05-15,12.0,8.8,14.4
london,2023-05-16,11.2,6.2,15.6
london,2023-05-17,12.2,6.7,16.2
london,2023-05-18,13.1,8.8,17.2
london,2023-05-19,12.5,8.4,16.5
london,2023-05-20,12.9,7.0,17.8
london,2023-05-21,12.9,7.5,17.5
london,2023-05-22,13.4,9.2,18.0
london,2023-05-23,12.8,8.5,16.4
london,2023-05-24,13.7,7.3,18.8
london,2023-05-25,13.0,7.5,17.6
london,2023-05-26,11.8,7.4,16.3
london,2023-05-27,12.7,7.5,17.6
london,2023-05-28,13.5,5.8,19.6
london,2023-05-29,11.9,8.0,15.5
london,2023-05-30,12.1,8.5,16.1
london,2023-05-31,13.7,10.8,17.9
london,2023-06-01,12.8,9.6,17.2
london,2023-06-02,12.3,9.8,15.9
london,2023-06-03,14.0,7.9,19.6
london,2023-06-04,14.3,8.7,19.5
london,2023-06-05,13.0,9.0,17.7
london,2023-06-06,13.2,10.8,17.3
london,2023-06-07,13.8,9.2,19.5
london,2023-06-08,14.0,8.9,19.4
london,2023-06-09,17.1,11.3,22.8
london,2023-06-10,20.9,14.3,27.3
london,2023-06-11,22.1,14.9,28.7
london,2023-06-12,21.7,16.7,26.9
london,2023-06-13,20.1,14.1,25.8
london,2023-06-14,19.2,12.1,25.7
london,2023-06-15,19.3,11.8,25.3
london,2023-06-16,19.5,12.7,25.0
london,2023-06-17,19.0,12.4,24.4
london,2023-06-18,19.4,16.3,24.3
london,2023-06-19,18.5,14.2,22.4
london,2023-06-20,19.1,14.2,23.4
london,2023-06-21,19.2,14.5,23.1
london,2023-06-22,19.9,13.6,24.3
london,2023-06-23,20.3,14.0,24.8
london,2023-06-24,20.7,15.3,24.9
london,2023-06-25,22.3,15.5,28.1
london,2023-06-26,18.3,14.0,21.9
london,2023-06-27,18.1,13.7,21.2
london,2023-06-28,20.0,17.7,22.4
london,2023-06-29,18.0,15.3,20.9
london,2023-06-30,16.4,11.9,18.6
london,2023-07-01,18.4,16.7,20.3
london,2023-07-02,16.8,12.7,19.6
london,2023-07-03,16.2,12.5,19.5
london,2023-07-04,15.2,12.6,17.8
london,2023-07-05,15.5,10.8,19.4
london,2023-07-06,16.3,11.1,20.5
london,2023-07-07,20.0,10.7,27.3
london,2023-07-08,21.9,18.8,25.0
london,2023-07-09,18.6,14.0,22.3
london,2023-07-10,18.7,13.7,22.7
london,2023-07-11,19.4,17.1,21.9
london,2023-07-12,17.8,13.9,21.1
london,2023-07-13,17.8,14.1,21.3
london,2023-07-14,17.0,14.3,19.1
london,2023-07-15,17.0,14.7,19.8
london,2023-07-16,16.9,14.1,19.8
london,2023-07-17,17.0,12.5,20.8
london,2023-07-18,17.3,11.7,21.2
london,2023-07-19,18.2,14.8,21.6
london,2023-07-20,17.1,11.8,21.4
london,2023-07-21,16.4,12.5,19.7
london,2023-07-22,15.2,13.4,17.5
london,2023-07-23,18.7,15.8,22.0
london,2023-07-24,16.4,15.2,18.3
london,2023-07-25,15.7,11.0,19.0
london,2023-07-26,15.9,10.2,20.8
london,2023-07-27,18.3,15.8,20.5
london,2023-07-28,18.2,15.5,21.0
london,2023-07-29,18.4,15.9,21.5
london,2023-07-30,17.0,14.5,20.4
london,2023-07-31,17.8,16.0,20.4
london,2023-08-01,17.4,13.8,20.8
london,2023-08-02,16.8,15.3,18.8
london,2023-08-03,17.3,13.4,20.7
london,2023-08-04,16.8,13.5,19.3
london,2023-08-05,15.0,13.3,18.5
london,2023-08-06,14.6,10.5,18.0
london,2023-08-07,15.5,10.6,19.7
london,2023-08-08,14.6,11.6,17.1
london,2023-08-09,17.5,11.9,22.2
london,2023-08-10,19.3,12.7,25.4
london,2023-08-11,19.6,16.4,23.4
london,2023-08-12,17.8,13.8,21.2
london,2023-08-13,18.2,15.6,21.5
london,2023-08-14,17.9,15.2,20.7
london,2023-08-15,17.3,11.7,21.8
london,2023-08-16,18.1,12.2,22.8
london,2023-08-17,18.4,15.3,22.4
london,2023-08-18,19.2,16.4,22.3
london,2023-08-19,19.9,16.6,22.3
london,2023-08-20,18.5,14.0,22.8
london,2023-08-21,18.3,12.9,23.6
london,2023-08-22,18.7,14.4,23.4
london,2023-08-23,18.4,12.2,24.1
london,2023-08-24,19.1,15.5,23.4
london,2023-08-25,16.8,14.2,20.1
london,2023-08-26,15.2,12.2,19.4
london,2023-08-27,15.2,11.2,18.6
london,2023-08-28,15.6,11.8,18.8
london,2023-08-29,16.0,12.7,20.0
london,2023-08-30,15.5,11.9,18.2
london,2023-08-31,14.2,9.9,16.4
london,2023-09-01,17.8,15.3,21.2
london,2023-09-02,18.5,15.1,22.7
london,2023-09-03,18.1,12.9,23.7
london,2023-09-04,19.5,14.2,25.9
london,2023-09-05,20.4,16.0,26.4
london,2023-09-06,21.6,14.4,28.9
london,2023-09-07,21.9,16.5,28.0
london,2023-09-08,23.0,17.3,28.7
london,2023-09-09,24.0,18.4,30.2
london,2023-09-10,23.6,17.9,29.8
london,2023-09-11,20.5,17.4,24.6
london,2023-09-12,18.8,15.6,22.5
london,2023-09-13,16.4,12.7,19.6
london,2023-09-14,17.4,13.2,22.3
london,2023-09-15,17.5,11.9,23.7
london,2023-09-16,18.7,13.3,24.3
london,2023-09-17,17.9,15.7,20.5
london,2023-09-18,17.0,13.9,19.9
london,2023-09-19,16.7,13.6,19.1
london,2023-09-20,17.7,16.2,19.9
london,2023-09-21,14.8,12.2,18.3
london,2023-09-22,13.2,9.4,17.2
london,2023-09-23,13.1,8.8,17.3
london,2023-09-24,16.7,12.8,19.5
london,2023-09-25,17.6,14.6,20.6
london,2023-09-26,16.7,12.9,21.2
london,2023-09-27,17.2,13.6,20.9
london,2023-09-28,16.4,14.2,18.7
london,2023-09-29,17.1,13.8,19.1
london,2023-09-30,14.3,9.6,18.5
london,2023-10-01,18.3,15.8,21.8
london,2023-10-02,17.4,15.6,20.3
london,2023-10-03,15.3,12.7,17.6
london,2023-10-04,14.1,11.0,17.6
london,2023-10-05,14.9,12.5,18.6
london,2023-10-06,16.0,13.0,19.9
london,2023-10-07,17.5,13.9,23.0
london,2023-10-08,16.6,11.5,23.0
london,2023-10-09,16.7,12.1,22.8
london,2023-10-10,16.3,12.8,20.8
london,2023-10-11,16.9,14.4,20.0
london,2023-10-12,15.4,14.4,16.1
london,2023-10-13,16.9,10.1,19.6
london,2023-10-14,10.1,7.7,12.9
london,2023-10-15,7.2,4.2,10.2
london,2023-10-16,8.2,3.6,12.0
london,2023-10-17,11.3,9.5,13.7
london,2023-10-18,13.0,10.5,16.4
london,2023-10-19,15.6,14.4,17.8
london,2023-10-20,14.3,11.9,15.6
london,2023-10-21,12.5,10.4,14.5
london,2023-10-22,10.1,6.2,14.6
london,2023-10-23,10.6,6.7,14.6
london,2023-10-24,10.4,7.7,14.5
london,2023-10-25,10.6,8.8,13.0
london,2023-10-26,11.5,8.1,14.4
london,2023-10-27,9.8,6.8,14.0
london,2023-10-28,11.7,9.6,14.3
london,2023-10-29,11.2,9.5,12.7
london,2023-10-30,11.2,7.6,14.3
london,2023-10-31,9.7,5.7,13.9
london,2023-11-01,11.7,9.6,13.3
london,2023-11-02,10.3,8.6,11.6
london,2023-11-03,9.5,7.0,12.9
london,2023-11-04,8.7,5.8,12.1
london,2023-11-05,9.1,6.7,12.2
london,2023-11-06,9.2,7.4,12.7
london,2023-11-07,8.1,5.5,11.8
london,2023-11-08,9.2,6.4,12.5
london,2023-11-09,7.9,6.2,10.0
london,2023-11-10,6.7,4.5,8.8
london,2023-11-11,5.6,2.8,9.4
london,2023-11-12,7.2,3.7,9.7
london,2023-11-13,12.0,8.7,14.4
london,2023-11-14,10.6,8.7,12.2
london,2023-11-15,8.7,5.8,11.2
london,2023-11-16,6.0,4.1,8.3
london,2023-11-17,6.5,3.8,9.8
london,2023-11-18,12.0,7.8,14.5
london,2023-11-19,12.2,10.7,13.6
london,2023-11-20,9.8,8.2,11.2
london,2023-11-21,9.6,7.3,11.0
london,2023-11-22,7.5,3.7,10.1
london,2023-11-23,10.5,9.1,12.0
london,2023-11-24,7.6,2.7,11.8
london,2023-11-25,1.9,-0.2,5.1
london,2023-11-26,3.3,-0.5,8.6
london,2023-11-27,7.6,4.2,9.3
london,2023-11-28,4.4,2.0,6.3
london,2023-11-29,1.4,-1.8,4.1
london,2023-11-30,-0.1,-3.2,4.5
london,2023-12-01,-0.3,-2.8,4.3
london,2023-12-02,-2.0,-3.8,0.6
london,2023-12-03,4.7,-1.3,7.6
london,2023-12-04,6.0,5.0,7.7
london,2023-12-05,5.1,3.3,6.4
london,2023-12-06,2.8,0.0,5.0
london,2023-12-07,6.2,4.5,7.4
london,2023-12-08,7.7,5.2,10.7
london,2023-12-09,9.4,7.4,12.5
london,2023-12-10,9.2,7.2,11.5
london,2023-12-11,8.7,4.8,10.6
london,2023-12-12,8.9,5.6,10.7
london,2023-12-13,7.0,5.9,7.8
london,2023-12-14,5.4,3.0,7.8
london,2023-12-15,5.7,3.4,8.9
london,2023-12-16,8.8,5.5,10.7
london,2023-12-17,8.7,7.0,9.9
london,2023-12-18,9.3,7.2,11.5
london,2023-12-19,10.0,5.2,11.8
london,2023-12-20,7.6,5.0,10.1
london,2023-12-21,11.3,9.9,12.7
london,2023-12-22,10.4,9.7,11.0
london,2023-12-23,9.2,7.9,10.7
london,2023-12-24,12.2,10.3,13.0
london,2023-12-25,12.0,10.9,12.5
london,2023-12-26,7.1,4.3,10.2
london,2023-12-27,9.7,5.7,11.7
london,2023-12-28,10.7,9.6,11.7
london,2023-12-29,8.5,6.4,9.8
london,2023-12-30,8.6,4.9,10.9
london,2023-12-31,8.3,6.7,10.4
london,2024-01-01,7.6,6.0,9.9
london,2024-01-02,10.9,9.2,12.5
london,2024-01-03,8.7,6.9,10.0
london,2024-01-04,7.0,4.8,8.3
london,2024-01-05,5.4,4.2,7.2
london,2024-01-06,4.5,3.4,5.9
london,2024-01-07,3.0,0.9,4.8
london,2024-01-08,1.6,0.4,2.6
london,2024-01-09,1.1,0.3,2.2
london,2024-01-10,1.5,-0.1,4.2
london,2024-01-11,2.5,-0.1,4.9
london,2024-01-12,4.4,2.9,5.8
london,2024-01-13,2.5,1.2,3.6
london,2024-01-14,3.7,2.3,5.9
london,2024-01-15,-0.5,-3.9,2.0
london,2024-01-16,-1.6,-4.1,3.0
london,2024-01-17,0.2,-2.2,2.8
london,2024-01-18,-2.0,-4.8,2.0
london,2024-01-19,-1.0,-4.2,4.0
london,2024-01-20,2.2,-1.1,4.8
london,2024-01-21,8.1,2.0,11.3
london,2024-01-22,9.4,6.9,11.9
london,2024-01-23,8.5,4.2,12.4
london,2024-01-24,9.9,6.3,12.7
london,2024-01-25,8.2,3.5,11.3
london,2024-01-26,7.9,2.3,11.8
london,2024-01-27,3.2,-0.2,7.4
london,2024-01-28,5.5,2.4,9.9
london,2024-01-29,9.5,6.8,12.0
london,2024-01-30,8.5,5.9,11.5
london,2024-01-31,7.3,4.7,10.4
london,2024-02-01,6.4,2.2,10.1
london,2024-02-02,7.8,3.3,10.9
london,2024-02-03,10.8,9.9,12.2
london,2024-02-04,10.7,9.7,11.6
london,2024-02-05,9.4,7.7,10.8
london,2024-02-06,11.5,10.5,12.7
london,2024-02-07,6.1,4.1,10.9
london,2024-02-08,7.1,4.2,11.5
london,2024-02-09,10.3,9.6,11.2
london,2024-02-10,8.9,7.3,10.7
london,2024-02-11,6.9,4.0,10.3
london,2024-02-12,4.9,2.1,8.8
london,2024-02-13,7.2,3.3,11.2
london,2024-02-14,11.5,10.6,12.5
london,2024-02-15,12.5,10.2,15.7
london,2024-02-16,10.7,8.0,12.4
london,2024-02-17,9.3,5.2,12.4
london,2024-02-18,11.1,8.8,13.4
london,2024-02-19,9.1,6.2,12.5
london,2024-02-20,7.9,4.3,11.5
london,2024-02-21,9.5,8.3,11.4
london,2024-02-22,8.0,3.8,10.9
london,2024-02-23,4.8,2.3,8.5
london,2024-02-24,3.2,-1.9,8.1
london,2024-02-25,4.2,0.0,8.5
london,2024-02-26,6.1,3.9,8.2
london,2024-02-27,4.6,0.9,7.4
london,2024-02-28,8.3,6.3,10.0
london,2024-02-29,8.7,5.7,10.0
london,2024-03-01,5.2,2.6,8.5
london,2024-03-02,5.4,1.7,8.4
london,2024-03-03,4.2,-0.5,8.9
london,2024-03-04,5.4,-0.2,10.3
london,2024-03-05,7.0,3.4,10.6
london,2024-03-06,6.5,3.2,10.0
london,2024-03-07,6.4,3.1,10.1
london,2024-03-08,6.8,4.5,9.2
london,2024-03-09,9.3,7.0,12.6
london,2024-03-10,8.3,6.7,9.8
london,2024-03-11,7.6,6.4,9.4
london,2024-03-12,9.5,7.0,12.3
london,2024-03-13,10.8,9.7,12.2
london,2024-03-14,11.3,8.3,14.9
london,2024-03-15,11.8,10.4,14.1
london,2024-03-16,9.3,6.9,12.7
london,2024-03-17,11.2,9.3,14.5
london,2024-03-18,10.3,6.7,13.6
london,2024-03-19,10.9,9.5,12.9
london,2024-03-20,11.9,9.2,15.0
london,2024-03-21,10.2,7.0,13.1
london,2024-03-22,9.4,6.6,11.0
london,2024-03-23,6.2,3.5,9.7
london,2024-03-24,7.5,4.7,11.0
london,2024-03-25,7.4,3.4,10.7
london,2024-03-26,9.3,6.1,13.8
london,2024-03-27,7.3,4.7,10.6
london,2024-03-28,7.9,5.1,9.8
london,2024-03-29,9.6,7.4,13.1
london,2024-03-30,8.9,4.4,13.5
london,2024-03-31,9.0,5.3,12.9
london,2024-04-01,9.8,7.9,12.8
london,2024-04-02,9.8,7.5,12.8
london,2024-04-03,10.9,8.6,12.4
london,2024-04-04,12.0,8.5,15.5
london,2024-04-05,13.5,11.4,16.2
london,2024-04-06,15.6,13.4,18.9
london,2024-04-07,12.5,10.4,14.5
london,2024-04-08,12.0,8.5,15.4
london,2024-04-09,9.6,7.8,11.9
london,2024-04-10,9.1,4.2,12.8
london,2024-04-11,13.8,11.8,17.1
london,2024-04-12,13.9,9.6,18.8
london,2024-04-13,13.5,9.6,17.6
london,2024-04-14,10.5,7.1,13.9
london,2024-04-15,8.8,6.7,11.3
london,2024-04-16,9.0,5.5,12.9
london,2024-04-17,7.0,3.4,10.9
london,2024-04-18,8.4,3.6,13.0
london,2024-04-19,10.0,7.4,13.4
london,2024-04-20,6.8,3.2,9.0
london,2024-04-21,7.5,4.3,10.9
london,2024-04-22,6.4,2.1,8.7
london,2024-04-23,7.2,5.4,9.3
london,2024-04-24,7.2,5.0,9.9
london,2024-04-25,7.8,2.9,11.8
london,2024-04-26,7.5,2.5,11.2
london,2024-04-27,8.2,5.3,11.8
london,2024-04-28,8.2,6.2,11.3
london,2024-04-29,10.0,4.9,14.1
london,2024-04-30,12.2,6.5,16.6
london,2024-05-01,13.9,8.6,18.9
london,2024-05-02,13.2,10.0,17.7
london,2024-05-03,10.3,9.0,12.4
london,2024-05-04,11.4,5.9,16.3
london,2024-05-05,11.4,5.6,16.8
london,2024-05-06,11.8,8.3,14.2
london,2024-05-07,13.6,8.5,18.3
london,2024-05-08,12.9,7.1,18.1
london,2024-05-09,15.3,8.9,21.2
london,2024-05-10,15.6,10.6,21.0
london,2024-05-11,15.2,9.6,20.9
london,2024-05-12,17.7,12.5,23.2
london,2024-05-13,15.1,11.2,18.0
london,2024-05-14,14.7,13.7,15.9
london,2024-05-15,15.0,11.7,18.3
london,2024-05-16,13.3,9.9,16.1
london,2024-05-17,14.7,7.3,19.8
london,2024-05-18,15.2,10.9,19.8
london,2024-05-19,15.1,9.6,20.5
london,2024-05-20,13.9,8.4,19.0
london,2024-05-21,12.7,9.5,15.0
london,2024-05-22,13.6,12.4,16.2
london,2024-05-23,13.8,11.2,16.7
london,2024-05-24,13.0,7.5,16.6
london,2024-05-25,14.3,8.7,18.5
london,2024-05-26,14.5,11.5,18.3
london,2024-05-27,12.9,10.0,16.3
london,2024-05-28,13.5,10.1,15.8
london,2024-05-29,15.4,12.2,18.5
london,2024-05-30,13.7,11.4,16.6
london,2024-05-31,13.0,10.8,15.9
london,2024-06-01,12.7,8.8,16.4
london,2024-06-02,14.7,8.1,20.8
london,2024-06-03,15.4,10.7,18.5
london,2024-06-04,16.1,13.1,18.8
london,2024-06-05,12.5,8.4,15.2
london,2024-06-06,12.8,7.3,16.5
london,2024-06-07,13.8,8.2,17.4
london,2024-06-08,13.9,10.4,16.8
london,2024-06-09,12.4,5.9,16.3
london,2024-06-10,12.2,9.5,14.9
london,2024-06-11,11.4,6.9,15.8
london,2024-06-12,12.1,7.2,15.6
london,2024-06-13,12.5,7.9,15.7
london,2024-06-14,14.7,11.7,17.5
london,2024-06-15,13.7,9.6,17.4
london,2024-06-16,14.8,11.0,19.0
london,2024-06-17,15.9,9.9,20.6
london,2024-06-18,16.0,10.7,19.5
london,2024-06-19,15.3,11.5,19.2
london,2024-06-20,15.4,8.5,20.5
london,2024-06-21,16.9,10.1,22.5
london,2024-06-22,17.1,13.5,21.0
london,2024-06-23,17.7,10.5,22.5
london,2024-06-24,20.2,14.0,24.8
london,2024-06-25,20.8,13.5,26.3
london,2024-06-26,21.3,13.6,26.8
london,2024-06-27,19.4,15.1,23.3
london,2024-06-28,16.4,12.3,19.7
london,2024-06-29,17.6,10.5,23.0
london,2024-06-30,16.8,15.5,19.7
london,2024-07-01,16.4,13.1,19.3
london,2024-07-02,15.6,12.8,17.7
london,2024-07-03,15.0,12.3,18.3
london,2024-07-04,15.9,11.8,20.1
london,2024-07-05,15.6,13.1,19.7
london,2024-07-06,14.6,12.5,17.2
london,2024-07-07,13.9,10.8,17.8
london,2024-07-08,14.8,9.3,18.7
london,2024-07-09,17.2,15.0,19.5
london,2024-07-10,17.6,14.9,20.8
london,2024-07-11,17.2,12.4,21.5
london,2024-07-12,14.7,12.9,17.2
london,2024-07-13,14.8,11.6,17.9
london,2024-07-14,16.0,9.9,20.7
london,2024-07-15,16.2,10.9,19.8
london,2024-07-16,17.3,14.2,21.1
london,2024-07-17,17.9,12.5,22.0
london,2024-07-18,19.3,12.2,25.3
london,2024-07-19,22.3,15.6,28.2
london,2024-07-20,19.7,15.5,23.0
london,2024-07-21,19.3,17.4,22.1
london,2024-07-22,18.2,13.4,22.3
london,2024-07-23,19.2,17.0,22.2
london,2024-07-24,18.3,13.7,22.1
london,2024-07-25,17.6,15.9,20.2
london,2024-07-26,17.8,13.6,21.4
london,2024-07-27,17.6,12.5,21.4
london,2024-07-28,18.7,11.8,24.3
london,2024-07-29,20.4,13.2,26.5
london,2024-07-30,22.0,14.9,28.4
london,2024-07-31,21.4,17.0,26.3
london,2024-08-01,21.3,16.4,26.7
london,2024-08-02,21.4,17.5,26.0
london,2024-08-03,20.0,17.1,23.8
london,2024-08-04,17.9,14.2,22.1
london,2024-08-05,18.5,13.7,23.1
london,2024-08-06,19.1,16.4,22.4
london,2024-08-07,17.4,11.8,21.3
london,2024-08-08,17.4,12.9,20.7
london,2024-08-09,19.9,17.0,23.1
london,2024-08-10,18.7,13.5,22.8
london,2024-08-11,20.9,15.2,26.8
london,2024-08-12,24.4,18.7,30.7
london,2024-08-13,19.9,14.1,25.0
london,2024-08-14,19.5,16.3,23.3
london,2024-08-15,18.9,14.5,22.3
london,2024-08-16,20.0,16.8,23.8
london,2024-08-17,17.9,12.5,22.7
london,2024-08-18,18.4,13.3,23.1
london,2024-08-19,17.2,12.3,21.3
london,2024-08-20,19.0,15.2,21.8
london,2024-08-21,16.4,12.2,19.8
london,2024-08-22,17.4,15.0,19.1
london,2024-08-23,18.9,16.3,21.9
london,2024-08-24,15.7,14.2,16.5
london,2024-08-25,15.4,10.9,19.5
london,2024-08-26,17.7,13.9,21.8
london,2024-08-27,18.6,14.4,23.5
london,2024-08-28,19.7,12.9,26.4
london,2024-08-29,17.5,12.7,21.8
london,2024-08-30,16.5,10.7,21.6
london,2024-08-31,16.7,13.9,19.7
london,2024-09-01,20.3,16.2,25.6
london,2024-09-02,19.4,17.3,22.0
london,2024-09-03,18.0,16.7,20.5
london,2024-09-04,16.7,14.7,19.1
london,2024-09-05,17.2,13.6,21.1
london,2024-09-06,18.4,15.6,21.9
london,2024-09-07,17.2,12.4,21.8
london,2024-09-08,17.0,14.8,19.3
london,2024-09-09,15.3,13.0,16.8
london,2024-09-10,14.2,10.9,17.7
london,2024-09-11,11.5,8.5,15.0
london,2024-09-12,10.5,7.3,14.5
london,2024-09-13,10.7,5.7,15.6
london,2024-09-14,12.1,6.1,17.8
london,2024-09-15,13.3,7.4,18.6
london,2024-09-16,15.5,12.2,19.3
london,2024-09-17,14.3,9.6,19.1
london,2024-09-18,17.1,13.7,21.7
london,2024-09-19,17.9,14.5,23.1
london,2024-09-20,17.6,14.8,21.1
london,2024-09-21,17.9,14.5,22.1
london,2024-09-22,17.1,15.1,20.4
london,2024-09-23,15.8,14.3,17.8
london,2024-09-24,14.7,12.9,16.7
london,2024-09-25,13.2,11.3,15.0
london,2024-09-26,13.9,11.8,16.9
london,2024-09-27,11.0,8.6,13.2
london,2024-09-28,9.8,4.8,14.2
london,2024-09-29,11.4,9.0,14.0
london,2024-09-30,13.6,11.6,15.2
london,2024-10-01,12.6,11.7,13.5
london,2024-10-02,13.6,11.0,16.2
london,2024-10-03,11.8,8.8,14.9
london,2024-10-04,11.0,6.7,15.1
london,2024-10-05,11.2,6.5,15.6
london,2024-10-06,13.4,11.3,15.4
london,2024-10-07,14.0,11.9,16.6
london,2024-10-08,14.0,12.2,16.8
london,2024-10-09,13.8,12.5,16.3
london,2024-10-10,10.2,5.8,12.6
london,2024-10-11,7.8,3.3,12.4
london,2024-10-12,10.3,7.7,14.1
london,2024-10-13,7.9,5.0,10.8
london,2024-10-14,9.9,7.3,11.4
london,2024-10-15,13.1,10.9,16.0
london,2024-10-16,17.0,14.0,20.5
london,2024-10-17,14.9,10.1,17.0
london,2024-10-18,11.0,6.9,14.3
london,2024-10-19,13.8,9.5,16.1
london,2024-10-20,13.7,9.6,17.0
london,2024-10-21,12.6,10.2,14.7
london,2024-10-22,11.4,8.0,15.9
london,2024-10-23,11.7,8.1,16.1
london,2024-10-24,11.9,8.7,15.6
london,2024-10-25,14.1,10.6,16.9
london,2024-10-26,11.5,8.6,15.7
london,2024-10-27,10.6,7.2,13.8
london,2024-10-28,12.9,10.7,14.7
london,2024-10-29,13.6,12.4,14.8
london,2024-10-30,11.6,7.8,14.6
london,2024-10-31,11.7,8.8,14.9
london,2024-11-01,11.3,10.1,12.4
london,2024-11-02,12.2,10.8,14.3
london,2024-11-03,11.8,10.6,13.3
london,2024-11-04,10.7,9.0,12.6
london,2024-11-05,10.2,9.4,11.7
london,2024-11-06,10.1,9.0,11.0
london,2024-11-07,10.8,9.9,12.3
london,2024-11-08,8.6,7.5,9.8
london,2024-11-09,7.6,7.1,8.2
london,2024-11-10,8.9,6.3,11.1
london,2024-11-11,9.4,6.1,12.0
london,2024-11-12,8.6,6.0,11.7
london,2024-11-13,8.4,5.6,11.0
london,2024-11-14,8.9,6.3,11.0
london,2024-11-15,7.4,6.0,9.7
london,2024-11-16,8.5,5.5,11.5
london,2024-11-17,8.2,6.6,9.6
london,2024-11-18,7.0,6.3,7.5
london,2024-11-19,4.5,0.4,11.1
london,2024-11-20,0.9,-1.5,4.7
london,2024-11-21,0.1,-1.5,3.4
london,2024-11-22,2.5,0.2,6.3
london,2024-11-23,7.7,0.1,13.9
london,2024-11-24,15.4,13.7,16.6
london,2024-11-25,9.9,6.6,12.9
london,2024-11-26,6.4,4.0,9.1
london,2024-11-27,6.3,3.3,10.0
london,2024-11-28,2.1,-0.8,5.9
london,2024-11-29,5.5,2.5,8.5
london,2024-11-30,11.2,6.9,13.2
london,2024-12-01,11.5,10.0,13.2
london,2024-12-02,9.1,7.4,11.5
london,2024-12-03,5.3,2.5,6.6
london,2024-12-04,6.0,1.5,9.3
london,2024-12-05,11.4,9.2,12.8
london,2024-12-06,7.5,5.8,10.0
london,2024-12-07,7.8,5.9,12.3
london,2024-12-08,6.6,5.8,7.4
london,2024-12-09,7.0,6.4,7.7
london,2024-12-10,6.6,6.2,7.1
london,2024-12-11,6.1,5.7,6.8
london,2024-12-12,6.6,5.1,7.9
london,2024-12-13,4.9,3.4,6.7
london,2024-12-14,5.2,3.6,7.0
london,2024-12-15,8.8,4.8,11.1
london,2024-12-16,9.7,7.4,10.7
london,2024-12-17,7.8,5.9,9.5
london,2024-12-18,12.3,9.3,13.4
london,2024-12-19,6.5,4.1,12.4
london,2024-12-20,5.1,2.0,8.1
london,2024-12-21,7.7,4.4,11.6
london,2024-12-22,5.7,4.1,7.5
london,2024-12-23,5.4,3.6,6.6
london,2024-12-24,9.8,6.3,12.3
london,2024-12-25,9.0,7.5,9.7
london,2024-12-26,6.9,5.9,7.9
london,2024-12-27,6.4,5.8,6.8
london,2024-12-28,4.9,4.2,5.8
london,2024-12-29,5.8,3.1,8.0
london,2024-12-30,6.9,5.6,8.4
london,2024-12-31,9.2,7.3,10.7
london,2025-01-01,9.2,4.2,12.1
london,2025-01-02,1.2,-2.1,3.6
london,2025-01-03,-0.6,-2.9,3.7
london,2025-01-04,0.8,-1.4,3.4
london,2025-01-05,7.6,0.7,11.9
london,2025-01-06,7.0,1.2,11.8
london,2025-01-07,1.7,-0.7,4.7
london,2025-01-08,0.4,-2.5,2.7
london,2025-01-09,0.3,-1.8,2.2
london,2025-01-10,-1.6,-3.6,1.9
london,2025-01-11,-2.0,-4.0,0.5
london,2025-01-12,-0.5,-2.6,1.9
london,2025-01-13,2.6,0.7,5.4
london,2025-01-14,5.5,2.9,8.5
london,2025-01-15,7.7,6.6,8.9
london,2025-01-16,6.2,4.6,7.4
london,2025-01-17,4.1,2.9,4.9
london,2025-01-18,2.4,1.7,3.2
london,2025-01-19,2.2,1.3,3.3
london,2025-01-20,2.6,0.5,5.3
london,2025-01-21,3.4,2.1,4.7
london,2025-01-22,3.3,2.8,4.0
london,2025-01-23,4.6,2.1,7.6
london,2025-01-24,8.5,5.5,10.8
london,2025-01-25,4.7,0.7,7.2
london,2025-01-26,4.3,-0.9,8.7
london,2025-01-27,7.3,6.2,9.3
london,2025-01-28,8.0,6.7,9.2
london,2025-01-29,5.8,3.8,7.8
london,2025-01-30,3.8,0.7,7.0
london,2025-01-31,4.6,0.2,7.0
london,2025-02-01,4.1,1.7,6.5
london,2025-02-02,2.5,-0.9,6.6
london,2025-02-03,3.2,-2.2,8.0
london,2025-02-04,7.8,5.0,9.7
london,2025-02-05,5.3,1.3,9.5
london,2025-02-06,3.0,-1.1,6.8
london,2025-02-07,3.4,2.9,4.0
london,2025-02-08,4.5,2.4,6.2
london,2025-02-09,3.0,-1.0,6.0
london,2025-02-10,3.2,1.9,4.1
london,2025-02-11,3.4,1.8,5.2
london,2025-02-12,3.9,2.2,6.0
london,2025-02-13,2.7,0.6,4.7
london,2025-02-14,0.7,-1.8,3.6
london,2025-02-15,2.5,0.3,4.2
london,2025-02-16,2.3,1.4,3.7
london,2025-02-17,1.2,-1.4,4.3
london,2025-02-18,1.8,-0.9,6.1
london,2025-02-19,4.5,0.3,9.1
london,2025-02-20,10.4,7.2,12.1
london,2025-02-21,12.4,10.9,14.6
london,2025-02-22,10.0,6.2,12.4
london,2025-02-23,8.3,4.9,10.4
london,2025-02-24,10.2,6.8,12.8
london,2025-02-25,7.6,5.0,10.5
london,2025-02-26,5.0,2.0,8.0
london,2025-02-27,5.3,2.5,9.1
london,2025-02-28,3.5,-2.1,9.3
london,2025-03-01,2.3,-1.2,7.4
london,2025-03-02,2.4,-2.0,7.5
london,2025-03-03,3.0,-1.7,9.6
london,2025-03-04,4.5,-2.2,11.0
london,2025-03-05,4.6,-2.3,12.2
london,2025-03-06,7.6,0.8,14.1
london,2025-03-07,10.8,7.0,15.0
london,2025-03-08,9.7,4.8,15.2
london,2025-03-09,9.9,6.0,15.1
london,2025-03-10,9.3,6.4,14.2
london,2025-03-11,5.7,2.6,7.9
london,2025-03-12,3.5,-0.7,8.3
london,2025-03-13,3.7,1.0,7.8
london,2025-03-14,2.6,-2.9,8.1
london,2025-03-15,2.9,-0.2,6.2
london,2025-03-16,3.8,-0.2,7.2
london,2025-03-17,5.8,4.4,8.0
london,2025-03-18,5.3,1.8,9.2
london,2025-03-19,7.2,-0.4,15.2
london,2025-03-20,11.0,4.2,17.7
london,2025-03-21,11.3,7.7,15.4
london,2025-03-22,12.1,9.1,15.8
london,2025-03-23,9.8,6.1,13.7
london,2025-03-24,7.9,4.7,11.5
london,2025-03-25,8.5,2.4,13.3
london,2025-03-26,10.9,8.0,14.5
london,2025-03-27,9.2,4.3,13.9
london,2025-03-28,10.0,6.1,13.3
london,2025-03-29,7.8,2.3,12.9
london,2025-03-30,11.2,7.5,14.6
london,2025-03-31,8.7,3.2,14.2
london,2025-04-01,7.9,3.7,12.2
london,2025-04-02,10.0,6.4,13.7
london,2025-04-03,12.2,8.3,16.5
london,2025-04-04,13.0,8.0,19.1
london,2025-04-05,9.9,5.9,15.2
london,2025-04-06,8.6,5.8,12.7
london,2025-04-07,8.1,3.5,13.0
london,2025-04-08,8.1,1.9,14.3
london,2025-04-09,7.1,2.2,11.7
london,2025-04-10,8.5,5.0,13.2
london,2025-04-11,11.2,3.1,19.2
london,2025-04-12,12.6,4.7,20.0
london,2025-04-13,11.8,8.8,14.7
london,2025-04-14,10.0,4.8,14.1
london,2025-04-15,12.2,9.4,16.8
london,2025-04-16,10.2,7.2,13.7
london,2025-04-17,10.1,4.9,15.6
london,2025-04-18,11.2,5.7,15.5
london,2025-04-19,11.6,7.1,14.6
london,2025-04-20,9.2,5.0,14.1
london,2025-04-21,11.1,7.7,15.4
london,2025-04-22,10.7,5.0,15.7
london,2025-04-23,10.2,7.9,12.5
london,2025-04-24,10.6,6.8,14.9
london,2025-04-25,9.7,4.2,13.8
london,2025-04-26,11.7,8.4,15.8
london,2025-04-27,12.8,5.8,18.7
london,2025-04-28,14.6,7.9,20.7
london,2025-04-29,14.0,6.2,20.9
london,2025-04-30,15.6,7.0,23.4
london,2025-05-01,17.9,8.5,26.0
london,2025-05-02,17.3,11.9,23.5
london,2025-05-03,14.5,10.2,19.8
london,2025-05-04,10.1,7.4,13.1
london,2025-05-05,9.3,5.2,13.1
london,2025-05-06,10.0,6.2,13.6
london,2025-05-07,10.8,5.5,15.6
london,2025-05-08,11.5,7.7,15.4
london,2025-05-09,12.2,6.2,16.9
london,2025-05-10,14.5,7.9,20.2
london,2025-05-11,16.3,9.2,22.1
london,2025-05-12,16.6,11.3,21.7
london,2025-05-13,16.0,10.3,21.9
london,2025-05-14,14.7,8.9,20.7
london,2025-05-15,12.1,8.6,15.5
london,2025-05-16,12.7,7.3,18.8
london,2025-05-17,13.6,9.3,18.8
london,2025-05-18,13.1,9.2,18.0
london,2025-05-19,13.2,8.9,17.3
london,2025-05-20,14.8,7.4,20.7
london,2025-05-21,14.2,10.6,17.2
london,2025-05-22,10.8,6.1,14.2
london,2025-05-23,12.5,6.6,17.3
london,2025-05-24,16.0,12.0,21.1
london,2025-05-25,15.9,12.7,18.9
london,2025-05-26,13.9,10.1,17.2
london,2025-05-27,14.5,12.6,16.1
london,2025-05-28,16.7,14.1,19.7
london,2025-05-29,17.4,13.1,22.1
london,2025-05-30,18.1,14.9,22.6
london,2025-05-31,18.8,13.0,24.2
london,2025-06-01,16.3,12.8,19.6
london,2025-06-02,15.5,11.9,19.8
london,2025-06-03,14.1,10.7,17.2
london,2025-06-04,14.4,10.6,18.2
london,2025-06-05,13.7,12.2,15.7
london,2025-06-06,14.6,10.2,18.3
london,2025-06-07,14.0,11.2,18.2
london,2025-06-08,13.3,8.8,16.8
london,2025-06-09,15.1,10.2,18.8
london,2025-06-10,16.8,13.0,19.9
london,2025-06-11,16.9,12.5,22.0
london,2025-06-12,18.6,13.7,23.9
london,2025-06-13,20.4,13.9,26.3
london,2025-06-14,19.0,15.3,21.7
london,2025-06-15,17.3,12.4,21.9
london,2025-06-16,18.7,12.1,23.9
london,2025-06-17,19.2,12.0,24.5
london,2025-06-18,20.7,13.8,26.7
london,2025-06-19,22.4,15.3,28.6
london,2025-06-20,22.0,16.5,27.0
london,2025-06-21,24.2,16.2,30.6
london,2025-06-22,21.3,17.6,24.7
london,2025-06-23,18.3,15.3,21.3
london,2025-06-24,18.9,13.6,25.0
london,2025-06-25,21.0,16.5,26.0
london,2025-06-26,19.7,17.3,23.0
london,2025-06-27,19.3,13.4,24.3
london,2025-06-28,22.2,17.1,28.1
london,2025-06-29,22.5,16.0,28.8
london,2025-06-30,24.1,17.0,30.2
london,2025-07-01,26.2,19.2,32.9
london,2025-07-02,19.8,17.0,22.0
london,2025-07-03,18.4,11.9,22.6
london,2025-07-04,20.0,13.0,25.5
london,2025-07-05,18.7,15.2,21.3
london,2025-07-06,18.5,16.0,21.8
london,2025-07-07,17.0,13.3,20.3
london,2025-07-08,17.6,12.6,22.1
london,2025-07-09,18.8,11.4,24.3
london,2025-07-10,22.4,15.4,28.2
london,2025-07-11,23.1,15.8,28.9
london,2025-07-12,21.6,15.8,26.6
london,2025-07-13,20.7,13.7,25.9
london,2025-07-14,20.8,17.6,23.9
london,2025-07-15,18.3,14.5,21.5
london,2025-07-16,19.8,14.8,24.1
london,2025-07-17,20.3,16.1,24.9
london,2025-07-18,22.6,17.8,27.2
london,2025-07-19,19.7,17.6,23.0
london,2025-07-20,17.9,15.8,20.6
london,2025-07-21,18.2,14.4,23.0
london,2025-07-22,19.0,15.0,22.5
london,2025-07-23,18.4,14.7,21.7
london,2025-07-24,18.0,15.6,20.6
london,2025-07-25,20.3,16.1,24.2
london,2025-07-26,18.9,14.0,22.0
london,2025-07-27,18.0,14.6,20.7
london,2025-07-28,18.6,13.8,21.7
london,2025-07-29,17.6,13.6,21.2
london,2025-07-30,19.1,16.0,22.9
london,2025-07-31,18.4,15.2,22.2
london,2025-08-01,16.5,13.8,19.4
london,2025-08-02,16.7,13.0,20.0
london,2025-08-03,17.6,12.0,21.6
london,2025-08-04,18.8,15.4,22.2
london,2025-08-05,17.1,12.8,20.6
london,2025-08-06,16.7,10.5,21.9
london,2025-08-07,18.0,13.5,22.0
london,2025-08-08,19.6,14.7,24.2
london,2025-08-09,18.5,12.5,23.9
london,2025-08-10,19.3,12.4,25.0
london,2025-08-11,20.9,14.1,27.6
london,2025-08-12,23.4,17.5,29.7
london,2025-08-13,21.1,15.7,27.3
london,2025-08-14,21.2,16.3,25.4
london,2025-08-15,22.3,16.5,28.6
london,2025-08-16,19.2,16.4,22.8
london,2025-08-17,18.3,14.1,23.1
london,2025-08-18,18.8,16.9,21.4
london,2025-08-19,19.3,15.5,24.6
london,2025-08-20,17.2,15.7,19.8
london,2025-08-21,16.8,14.4,18.8
london,2025-08-22,17.2,12.8,21.1
london,2025-08-23,18.2,16.0,20.4
london,2025-08-24,18.6,15.5,22.4
london,2025-08-25,19.4,12.7,25.5
london,2025-08-26,19.7,17.0,23.9
london,2025-08-27,17.7,14.4,21.1
london,2025-08-28,17.0,11.9,21.0
london,2025-08-29,15.9,13.9,19.6
london,2025-08-30,16.6,12.3,20.2
london,2025-08-31,16.8,13.2,20.0
london,2025-09-01,16.6,13.9,19.7
london,2025-09-02,15.3,12.6,17.5
london,2025-09-03,17.4,15.6,19.2
london,2025-09-04,16.1,14.0,18.9
london,2025-09-05,16.0,10.8,20.7
london,2025-09-06,17.5,11.8,22.2
london,2025-09-07,19.7,15.6,24.6
london,2025-09-08,16.4,13.4,19.6
london,2025-09-09,14.9,9.8,19.6
london,2025-09-10,15.0,13.1,18.5
london,2025-09-11,14.5,11.8,18.0
london,2025-09-12,13.8,10.8,17.5
london,2025-09-13,13.7,10.9,17.7
london,2025-09-14,13.9,8.7,17.5
london,2025-09-15,15.7,13.7,18.3
london,2025-09-16,14.7,11.9,17.8
london,2025-09-17,15.5,12.2,18.1
london,2025-09-18,18.3,15.6,20.7
london,2025-09-19,18.8,15.2,24.6
london,2025-09-20,16.3,13.2,20.4
london,2025-09-21,12.6,9.4,15.6
london,2025-09-22,11.3,7.4,15.5
london,2025-09-23,10.9,5.8,15.6
london,2025-09-24,12.7,10.0,16.5
london,2025-09-25,13.1,9.7,16.9
london,2025-09-26,12.8,10.0,15.8
london,2025-09-27,13.0,9.6,17.1
london,2025-09-28,13.8,11.1,16.8
london,2025-09-29,12.8,7.1,17.4
london,2025-09-30,13.8,9.2,18.6
london,2025-10-01,13.1,9.3,18.0
london,2025-10-02,14.0,8.9,18.8
london,2025-10-03,15.6,13.8,17.1
london,2025-10-04,13.3,11.4,17.1
london,2025-10-05,12.9,10.8,15.9
london,2025-10-06,13.8,9.5,19.3
london,2025-10-07,14.2,11.9,17.0
london,2025-10-08,14.0,12.4,16.2
london,2025-10-09,13.1,9.1,16.0
london,2025-10-10,13.7,10.8,16.0
london,2025-10-11,13.0,10.6,15.3
london,2025-10-12,11.6,7.4,15.4
london,2025-10-13,13.7,12.2,15.1
london,2025-10-14,12.6,11.2,14.1
london,2025-10-15,11.9,10.7,13.8
london,2025-10-16,12.4,9.9,15.4
london,2025-10-17,11.7,8.2,14.8
london,2025-10-18,12.2,9.7,14.8
london,2025-10-19,13.5,10.8,15.7
london,2025-10-20,13.0,11.7,14.2
london,2025-10-21,12.5,10.8,15.1
london,2025-10-22,11.1,7.5,14.8
london,2025-10-23,10.0,7.0,12.3
london,2025-10-24,8.5,5.4,12.1
london,2025-10-25,8.9,6.6,11.4
london,2025-10-26,7.6,4.4,10.9
london,2025-10-27,10.8,9.0,12.8
london,2025-10-28,12.3,10.5,14.5
london,2025-10-29,11.0,7.6,12.6
london,2025-10-30,9.3,5.0,13.5
london,2025-10-31,14.3,12.3,15.3
london,2025-11-01,12.8,9.2,15.0
london,2025-11-02,9.3,6.9,12.2
london,2025-11-03,12.5,6.7,16.0
london,2025-11-04,13.9,13.2,14.7
london,2025-11-05,15.1,13.4,16.8
london,2025-11-06,14.2,12.2,15.5
london,2025-11-07,13.0,10.8,14.8
london,2025-11-08,11.7,7.5,13.1
london,2025-11-09,9.6,5.3,14.3
london,2025-11-10,11.3,8.8,12.4
london,2025-11-11,11.7,7.9,14.4
london,2025-11-12,13.7,12.3,15.5
london,2025-11-13,13.7,12.5,15.9
london,2025-11-14,13.1,11.9,14.2
london,2025-11-15,11.4,9.0,13.6
london,2025-11-16,9.3,7.1,10.4
london,2025-11-17,5.6,1.8,7.6
london,2025-11-18,3.4,-0.3,7.1
london,2025-11-19,3.4,0.9,4.9
london,2025-11-20,1.0,-2.0,4.0
london,2025-11-21,1.5,-1.8,5.5
london,2025-11-22,4.8,-1.4,7.0
london,2025-11-23,7.2,4.4,9.6
london,2025-11-24,5.5,4.2,7.0
london,2025-11-25,4.9,3.3,6.3
london,2025-11-26,3.3,-1.0,8.2
london,2025-11-27,11.2,8.6,12.6
london,2025-11-28,10.4,8.3,12.6
london,2025-11-29,8.5,4.2,10.8
london,2025-11-30,4.7,2.4,7.4
london,2025-12-01,9.6,5.4,11.5
london,2025-12-02,8.2,6.4,10.3
london,2025-12-03,5.4,2.2,9.2
london,2025-12-04,6.6,2.4,8.3
london,2025-12-05,4.0,-1.7,8.9
london,2025-12-06,9.9,8.8,11.6
london,2025-12-07,10.5,6.7,13.7
london,2025-12-08,11.4,9.2,12.9
london,2025-12-09,12.6,11.1,14.0
london,2025-12-10,10.2,7.9,12.3
london,2025-12-11,8.7,7.5,9.9
london,2025-12-12,9.9,5.8,11.9
london,2025-12-13,5.0,1.3,8.9
london,2025-12-14,7.8,5.9,9.9
london,2025-12-15,10.2,9.4,11.1
london,2025-12-16,9.5,6.7,11.4
london,2025-12-17,5.7,0.6,9.6
london,2025-12-18,10.9,9.9,12.1
london,2025-12-19,7.8,4.8,10.6
london,2025-12-20,5.6,3.1,9.2
london,2025-12-21,9.1,7.5,10.5
london,2025-12-22,9.2,7.3,11.0
london,2025-12-23,6.4,5.7,7.2
london,2025-12-24,4.7,3.7,5.6
london,2025-12-25,3.2,2.8,3.9
london,2025-12-26,3.5,2.7,4.6
london,2025-12-27,4.8,2.3,7.5
london,2025-12-28,6.2,4.5,7.1
london,2025-12-29,4.3,2.4,5.8
london,2025-12-30,4.1,0.3,6.1
london,2025-12-31,-0.0,-2.2,3.6
